user_id,session_id,dwell_time_mean,dwell_time_std,dwell_time_min,dwell_time_max,flight_time_mean,flight_time_std,flight_time_min,flight_time_max,up_down_time_mean,up_down_time_std,up_down_time_min,up_down_time_max,id_count,session_duration_sec,keystrokes_per_min,dwell_to_flight_ratio,distance_mean_mean,distance_mean_std,distance_sum_total,speed_mean_mean,speed_mean_std,speed_max_max,click_count_total,click_count_mean,action_count_total,session_duration_sum,session_duration_mean,session_duration_std,label,avg_key_hold_time,avg_flight_time,mouse_speed,click_frequency,scroll_rate
2.0,25.5,4.89414148347653,3.860709788557332,0.0243110518928571,16.881561870357142,86.54332567738582,214.36954107085617,-0.0674128791071428,738.8557271410715,43.93720723470933,144.23756384686138,-0.0674128791071428,736.6198699982143,56.42857142857143,143.92233532142856,2017.0269206763105,0.696143744140124,0.0,0.0,0.0,0.0,0.0,0.0,176.0,9.263157894736842,176.0,4180.4376,220.02303157894735,387.88801825924656,genuine,,,,,
4.0,39.0,0.1077551020408163,0.0405013017343501,0.0,0.17,0.1004081632653061,0.186896798435142,0.0,0.758,0.1469387755102041,0.2359686956783379,0.0,0.928,49.0,46.605,63.08336015448987,1.0731707317073171,0.0,,0.0,0.0,,0.0,5.0,5.0,5.0,45.1,45.1,,genuine,,,,,
19.0,41.5,0.1218139071227606,0.0991407154745174,0.0144999999999999,0.6078333333333333,0.1812182702101357,0.5274313323061804,0.0,4.098166666666667,0.17216772616474,0.5287352115897043,0.0,4.274666666666667,118.33333333333331,49.544,238.2424459289601,0.8965384244339233,0.0,0.0,0.0,0.0,0.0,0.0,82.0,13.666666666666666,82.0,300.608,50.101333333333336,57.521326283967646,genuine,,,,,
21.0,44.0,0.1274603174603174,0.1566942600794077,0.0,0.82,0.275968253968254,0.4658911325224287,0.0,1.647,0.1188571428571428,0.2947516645903833,0.0,1.712,63.0,7.579,498.7465364823856,0.4618658690900724,0.0,,0.0,0.0,,0.0,3.0,3.0,3.0,21.798,21.798,,genuine,,,,,
24.0,45.0,0.1485719163465642,0.1365339199000476,0.0,0.7050000000000001,0.2505492957746478,0.5852928805042202,0.0,3.3186666666666667,0.1461556978233034,0.3992143402860087,0.0,3.220333333333333,78.66666666666667,25.658,203.91730087335097,0.6100923258874752,0.0,0.0,0.0,0.0,0.0,0.0,32.0,10.666666666666666,32.0,70.81400000000001,23.60466666666667,13.075518816985172,genuine,,,,,
25.0,47.5,0.148874463036963,0.2148534177154235,0.025,1.57625,0.4267963973526473,1.826047632419048,0.0,11.49175,0.2869363532301032,1.342094438744823,0.0,11.48525,67.5,123.7035,47.55138667739498,1.1006602584687313,0.0,0.0,0.0,0.0,0.0,0.0,58.0,11.6,58.0,388.063,77.6126,98.8817681567234,genuine,,,,,
26.0,49.0,0.1273333333333333,0.1732189552318478,0.0,0.796,0.8275555555555556,2.50999526267242,0.0,12.814,0.4468730158730158,1.813272175823296,0.0,12.683,63.0,28.247,133.8195206570609,0.1538668098818474,0.0,,0.0,0.0,,0.0,4.0,4.0,4.0,8.108,8.108,,genuine,,,,,
27.0,49.0,0.132547619047619,0.0878158278918962,0.0,0.611,0.1736190476190476,0.5142616280332061,0.0,2.653,0.1606904761904762,0.3541725835401083,0.0,2.197,42.0,6.749,373.3886501703957,0.7634393856280857,0.0,,0.0,0.0,,0.0,2.0,2.0,2.0,6.868,6.868,,genuine,,,,,
31.0,49.0,0.0815384615384615,0.0282407234598985,0.051,0.137,0.0694999999999999,0.1467779956260474,0.0,0.689,0.1054615384615384,0.1847985347927262,0.0,0.819,26.0,7.947,196.30049075122685,1.1732152739346986,0.0,,0.0,0.0,,0.0,3.0,3.0,3.0,6.6,6.6,,genuine,,,,,
32.0,49.0,0.083735294117647,0.0475365115438959,0.039,0.238,0.0494558823529411,0.2398901137631548,0.0,1.481,0.0736029411764706,0.2571221406551776,0.0,1.586,68.0,10.872,375.2759381898455,1.6931311329170384,0.0,,0.0,0.0,,0.0,2.0,2.0,2.0,8.323,8.323,,genuine,,,,,
33.0,50.5,0.0844041666666666,0.0320744123038274,0.041,0.18225,0.1625208333333333,0.4033586058999515,0.0,3.147,0.1972,0.4332580995610729,0.0,3.224,49.5,596.4465,224.160303548936,0.6430212674027552,0.0,0.0,0.0,0.0,0.0,0.0,29.0,7.25,29.0,2556.719,639.17975,799.7677235732781,genuine,,,,,
34.0,52.5,0.3726239837398374,2.3886103669578005,0.0,19.385,0.2816664818920916,0.7256412741496338,0.0,3.9935,0.3153830376940133,0.7460805751212168,0.0,4.0725,53.5,733.519,4.474795360079115,1.1051542857344552,0.0,0.0,0.0,0.0,0.0,0.0,19.0,9.5,19.0,1570.839,785.4195,9.391085160938502,genuine,,,,,
35.0,53.0,0.1193636363636363,0.1470633753306252,0.0,0.833,0.2841090909090909,0.7241966056433231,0.0,4.728,0.1988393939393939,0.5622509972011921,0.0,4.816,330.0,1063.783,18.612818591761663,0.4201331114808652,0.0,,0.0,0.0,,0.0,66.0,66.0,66.0,1092.936,1092.936,,genuine,,,,,
36.0,53.5,0.128119384495012,0.1051481433177556,0.0,0.926,0.324379229966747,1.157161436781496,0.0,11.4355,0.3263964269413835,1.1721351426862068,0.0,11.558,205.5,880.2455,19.025012491684283,0.5939472460087669,0.0,0.0,0.0,0.0,0.0,0.0,98.0,32.666666666666664,98.0,1775.4030000000002,591.801,833.4585864090669,genuine,,,,,
37.0,54.0,0.1226041666666666,0.0330328318867175,0.0,0.187,0.2536354166666666,0.5708495629976091,0.0,3.883,0.3088854166666666,0.6098050399369096,0.0,4.067,96.0,190.748,30.19690901084153,0.4833874081071091,0.0,0.0,0.0,0.0,0.0,0.0,10.0,5.0,10.0,191.563,95.7815,135.4554963244386,genuine,,,,,
38.0,54.5,0.0876377966101694,0.0416356447226048,0.0225,0.226,0.1328192372881356,0.2215960280015706,0.0,1.107,0.1662886440677966,0.2572496373447438,0.0,1.275,109.0,1005.4465,6.80658105286617,0.6589788500924074,0.0,0.0,0.0,0.0,0.0,0.0,36.0,18.0,36.0,2012.915,1006.4575,247.21089466384765,genuine,,,,,
39.0,55.5,0.0861501951232288,0.0845529986250537,0.0,0.8564999999999999,0.2381995665383305,0.6050878010114528,0.0,6.8105,0.2256562164427333,0.5661679008598834,0.0,6.906,743.5,961.9025,44.66230275069565,0.3717276801080521,0.0,0.0,0.0,0.0,0.0,0.0,230.0,115.0,230.0,1930.705,965.3525,111.6387257205132,genuine,,,,,
40.0,56.0,0.0979736263736263,0.1560370429554001,0.0,1.054,0.5973252747252747,2.231104801225486,0.0,24.32,0.4370263736263736,2.1804650908736773,0.0,24.332,455.0,971.759,28.093385294090407,0.1640205605207095,0.0,,0.0,0.0,,0.0,52.0,52.0,52.0,966.251,966.251,,genuine,,,,,
41.0,56.0,0.0729379310344827,0.0267111217171093,0.0,0.158,0.2261482758620689,0.5106756858700887,0.0,3.549,0.2557862068965517,0.5298797302490588,0.0,3.607,290.0,3226.625,5.392631619726495,0.3225226049433543,0.0,,0.0,0.0,,0.0,35.0,35.0,35.0,3235.308,3235.308,,genuine,,,,,
42.0,57.0,0.0805052053209948,0.0374308734404646,0.0166666666666666,0.1643333333333333,0.1785220262193946,0.3955237309063324,0.0,2.279,0.2100831887410834,0.4201833720306107,0.0,2.372666666666667,60.333333333333336,680.5553333333334,145.7877404623797,0.5513823940381429,0.0,0.0,0.0,0.0,0.0,0.0,37.0,12.333333333333334,37.0,2174.354,724.7846666666666,623.2905894607533,genuine,,,,,
43.0,59.5,0.0890832462931064,0.0381970018822243,0.00375,0.18,0.1579058788120986,0.5182367316881755,0.0,4.6935,0.1824987287355295,0.5203511282240012,0.0,4.7165,80.25,528.41275,9.912451582925796,0.5855251003356545,0.0,0.0,0.0,0.0,0.0,0.0,69.0,13.8,69.0,2206.693,441.3386,316.35541672350104,genuine,,,,,
44.0,63.0,0.0546646153846153,0.012069407624197,0.0376,0.0828,0.1832684949832776,0.3946411913956608,0.0,1.6995999999999998,0.2044817614269788,0.4174133703914159,0.0,1.7662,23.6,50.4632,344.5582401424919,0.6123415353396282,0.0,0.0,0.0,0.0,0.0,0.0,16.0,3.2,16.0,245.231,49.0462,86.9836239081817,genuine,,,,,
45.0,65.5,0.0862593457943925,0.0148833636913768,0.0635,0.123,0.1083621495327102,0.23987099208469,0.0,1.6015,0.1366775700934579,0.2777046648197125,0.0,1.6845,109.0,273.24899999999997,221.1839408928647,0.8153150401586995,0.0,0.0,0.0,0.0,0.0,0.0,47.0,23.5,47.0,546.156,273.078,386.19061118572,genuine,,,,,
46.0,67.0,0.0813645732689211,0.0293789652380523,0.021,0.17,0.4177873405177753,1.222148408975906,0.0,7.093333333333334,0.4531843057103926,1.2462273879968264,0.0,7.2,57.333333333333336,299.58599999999996,47.50451715186646,0.2260557342641838,0.0,0.0,0.0,0.0,0.0,0.0,39.0,13.0,39.0,2020.828,673.6093333333333,550.4902514135317,genuine,,,,,
47.0,69.0,0.091444540229885,0.0305639876800083,0.033,0.1676666666666666,0.1116798629531388,0.2491481070137931,0.0,1.2453333333333332,0.1505180371352785,0.2832222175248833,0.0,1.3853333333333335,41.333333333333336,354.2436666666667,84.72511461271468,0.8497980183532375,0.0,0.0,0.0,0.0,0.0,0.0,16.0,8.0,16.0,1926.792,963.396,1354.150498165547,genuine,,,,,
48.0,71.5,0.110102267048294,0.0279591220502316,0.015,0.15725,0.2914311792967153,0.7161224178313215,0.0,4.312749999999999,0.3378068323792649,0.7487846428738608,0.0,4.431,57.25,181.6915,32.87432302430892,0.4216777798560159,0.0,0.0,0.0,0.0,0.0,0.0,28.0,7.0,28.0,728.77,182.1925,177.60056420800015,genuine,,,,,
49.0,73.0,0.1359080459770115,0.0959838887342647,0.0,0.697,0.2452145593869732,1.5973549458457814,0.0,25.507,0.2769846743295019,1.6051167438235383,0.0,25.649,261.0,1621.939,9.655110333989132,0.5542413399790628,0.0,,0.0,0.0,,0.0,49.0,49.0,49.0,1620.125,1620.125,,genuine,,,,,
50.0,75.5,0.0475488633134413,0.0406139687580513,0.0101666666666666,0.1399999999999999,0.4254190511373631,0.9689766174227472,0.0,3.6453333333333338,0.335603886385472,0.8216131012438929,0.0,3.5871666666666666,33.0,96.51733333333334,141.5612649505836,0.1577257792495465,0.0,0.0,0.0,0.0,0.0,0.0,18.0,3.6,18.0,803.988,160.79760000000002,220.29391625462563,genuine,,,,,
51.0,78.0,0.1172283236994219,0.0796092078722771,0.0,0.592,0.2455462427745665,1.2685787411481748,0.0,22.762,0.2869017341040462,1.2766665796257128,0.0,22.783,346.0,1307.747,15.87463018458463,0.4774185195211807,0.0,,0.0,0.0,,0.0,41.0,41.0,41.0,1318.895,1318.895,,genuine,,,,,
52.0,78.0,0.1381908713692946,0.0649738158772764,0.0,0.359,0.2042863070539419,0.4224788024505553,0.0,2.769,0.2450912863070539,0.4418176093881069,0.0,2.856,241.0,1157.565,12.491739124800766,0.6764568480490728,0.0,,0.0,0.0,,0.0,30.0,30.0,30.0,1152.98,1152.98,,genuine,,,,,
53.0,79.0,0.0562595232400542,0.0236767652799582,0.0163333333333333,0.1273333333333333,0.1587632384596986,0.300984481731548,0.0,1.6096666666666668,0.1821650987270456,0.3229090914882265,0.0,1.6956666666666669,152.66666666666666,1472.451,96.2549361338584,0.4206285055136772,0.0,0.0,0.0,0.0,0.0,0.0,52.0,17.333333333333332,52.0,4444.842,1481.6139999999998,1565.7226636195824,genuine,,,,,
54.0,80.0,0.0692222222222222,0.0208903410505034,0.0,0.104,0.1023888888888888,0.1958143840882814,0.0,1.048,0.1304166666666666,0.2208084334569544,0.0,1.144,36.0,573.4,3.767003836763167,0.6760716223548563,0.0,,0.0,0.0,,0.0,5.0,5.0,5.0,575.489,575.489,,genuine,,,,,
55.0,83.5,0.0862422288359788,0.0331195506690028,0.034,0.137625,0.1008696494708994,0.17786090641784,0.0,0.5986250000000001,0.1369412962962963,0.2185235066851731,0.0,0.707375,15.125,105.70075,305.39448875435824,0.9930501260941332,0.0,0.0,0.0,0.0,0.0,0.0,18.0,2.25,18.0,1016.382,127.04775,217.30338647729351,genuine,,,,,
57.0,87.5,0.0625804458740017,0.0168874412072048,0.0,0.1515,0.0923993640934634,0.2500529340690403,0.0,3.9265,0.1162634168884945,0.2659224169433657,0.0,4.0024999999999995,533.5,1139.6655,26.81553376298966,0.682839003259921,0.0,0.0,0.0,0.0,0.0,0.0,193.0,96.5,193.0,2335.927,1167.9635,1141.5666225764048,genuine,,,,,
58.0,89.0,0.1142104377104377,0.0430321929313706,0.0163333333333333,0.1983333333333333,0.2597418630751964,0.6640390432424517,0.0,3.729333333333333,0.3066376964085298,0.7011707737998494,0.0,3.837,38.0,136.25433333333334,16.344311835178285,0.5523945058794232,0.0,0.0,0.0,0.0,0.0,0.0,20.0,10.0,20.0,1528.305,764.1525,811.1568369313669,genuine,,,,,
59.0,91.0,0.1011037315510999,0.0490805533012213,0.0213333333333333,0.2116666666666666,0.1598778195488721,0.3713314298284376,0.0,1.65,0.2021646129211918,0.3981828601382114,0.0,1.7376666666666667,35.0,132.277,157.47238117016363,0.6986747282432528,0.0,0.0,0.0,0.0,0.0,0.0,13.0,6.5,13.0,1072.44,536.22,289.578611672202,genuine,,,,,
60.0,92.5,0.1405501814206633,0.2446022435413025,0.0,1.8975,0.4088236498116017,0.90271278850602,0.0,6.508500000000001,0.1899101764199655,0.5323419512710809,0.0,6.357,591.0,1993.8695,21.963367398483193,0.4307347526989094,0.0,0.0,0.0,0.0,0.0,0.0,190.0,95.0,190.0,3979.158,1989.579,1092.339969790541,genuine,,,,,
61.0,93.0,0.0029411764705882,0.0017778265528378,0.001,0.011,0.1776029411764705,0.5227891941153315,0.0,3.204,0.1786029411764705,0.523405899387472,0.0,3.207,68.0,549.137,7.429839912444436,0.0165604040738594,0.0,,0.0,0.0,,0.0,15.0,15.0,15.0,567.607,567.607,,genuine,,,,,
62.0,93.5,0.0909775667366755,0.0322765369614374,0.0,0.1785,0.1772128877119289,0.3899544717673556,0.0,3.4495000000000005,0.2148093781389827,0.4218181117790531,0.0,3.5515,187.0,1690.4064999999998,10.418399297827357,0.5146880789171965,0.0,0.0,0.0,0.0,0.0,0.0,45.0,22.5,45.0,3366.192,1683.096,1638.6662252844535,genuine,,,,,
63.0,94.5,0.0957744020156408,0.0323872395874799,0.016,0.223,0.2171528091358267,0.6277005653778085,0.0,5.7684999999999995,0.2494319557606099,0.6446393625054314,0.0,5.912,358.0,1749.66,14.8074831595542,0.4413486180996723,0.0,0.0,0.0,0.0,0.0,0.0,113.0,56.5,113.0,3504.75,1752.375,1710.1688629980374,genuine,,,,,
64.0,95.5,0.0933834407641828,0.0540171622260099,0.0,0.6315,0.1631445850968819,0.3260100432939892,0.0,2.1845,0.188091659224168,0.3504783451188311,0.0,2.303,374.0,1112.862,34.3810202843014,0.5835959408119673,0.0,0.0,0.0,0.0,0.0,0.0,96.0,48.0,96.0,2253.2619999999997,1126.631,1295.8509582702786,genuine,,,,,
66.0,96.5,0.0886417809378703,0.0342181073233382,0.019,0.1895,0.1044531911291687,0.257424711405612,0.0,1.74,0.1319573387506348,0.2822293943722786,0.0,1.7965,122.5,570.4135,73.37944655825797,0.8571014146243774,0.0,0.0,0.0,0.0,0.0,0.0,28.0,14.0,28.0,1516.424,758.212,1033.0702793914843,genuine,,,,,
67.0,98.0,0.1326832307116035,0.0623526771411441,0.0,0.3393333333333333,0.1354680488869489,0.2790602014653935,0.0,1.5526666666666664,0.1899084029086991,0.3323055114606445,0.0,1.7033333333333334,137.33333333333334,757.3156666666667,23.463415422447028,0.9780465628657762,0.0,0.0,0.0,0.0,0.0,0.0,55.0,18.333333333333332,55.0,1880.888,626.9626666666667,473.1180231277745,genuine,,,,,
69.0,99.0,0.13775,0.1265996840438395,0.0,0.894,0.3398352272727272,0.8639269487027277,0.0,3.848,0.2121875,0.422347296580162,0.0,3.258,176.0,1377.079,7.668405371078928,0.4053434986875324,0.0,,0.0,0.0,,0.0,26.0,26.0,26.0,1379.716,1379.716,,genuine,,,,,
70.0,99.0,0.1884729729729729,0.123332052536792,0.0,0.83,0.2356959459459459,0.5009804626220777,0.0,4.272,0.2585135135135135,0.5064276712529642,0.0,4.364,148.0,1357.699,6.5404776758324195,0.7996445259868704,0.0,,0.0,0.0,,0.0,22.0,22.0,22.0,1355.545,1355.545,,genuine,,,,,
71.0,100.5,0.1013297409579667,0.0321636318856909,0.03,0.183,0.3289308345552297,0.7092548988727935,0.0,3.817,0.3700526026392962,0.7423463497691452,0.0,3.938,91.5,566.5095,18.513832629739166,0.3213770052220343,0.0,0.0,0.0,0.0,0.0,0.0,59.0,14.75,59.0,2330.703,582.67575,438.24787309038936,genuine,,,,,
72.0,103.0,0.0812818713450292,0.0529229880463716,0.0,0.3946666666666667,0.3559774142563616,1.3155457800476882,0.0,15.219,0.3014915204678363,1.2660507612126646,0.0,15.296,132.66666666666666,617.482,35.81111943563205,0.4678912296053861,0.0,0.0,0.0,0.0,0.0,0.0,84.0,28.0,84.0,1863.309,621.1030000000001,749.9661060367996,genuine,,,,,
74.0,104.0,0.1188407079646017,0.0300041059834211,0.0,0.269,0.1733215339233038,0.4139644264781361,0.0,5.402,0.2174439528023598,0.4521932884491689,0.0,5.561,678.0,3689.964,11.024497799978535,0.6856661447341548,0.0,,0.0,0.0,,0.0,151.0,151.0,151.0,3714.507,3714.507,,genuine,,,,,
75.0,105.5,0.1237061845643895,0.043752209640539,0.0,0.2095,0.1845266556927474,0.398444740342439,0.0,1.61325,0.2319584246933545,0.4476462144511816,0.0,1.7950000000000002,45.75,77.061,37.68956619698767,0.7978058816338485,0.0,0.0,0.0,0.0,0.0,0.0,32.0,8.0,32.0,326.18100000000004,81.54525000000001,20.65327054609028,genuine,,,,,
76.0,108.5,0.1082621394230769,0.0241872840005212,0.03775,0.181,0.0810120163690476,0.2183697742443991,0.0,1.213,0.1170091718177655,0.2305788726010545,0.0,1.2832500000000002,72.5,71.58525,62.46000602550881,1.4657964676030455,0.0,0.0,0.0,0.0,0.0,0.0,57.0,14.25,57.0,292.42,73.105,29.967357585657545,genuine,,,,,
77.0,110.0,0.1059875222816399,0.2275585753189085,0.0,2.123,0.650795008912656,1.5779897504567242,0.0,33.765,0.2142406417112299,1.4713539746688666,0.0,33.879,561.0,1205.384,27.924711129399427,0.1628585358371496,0.0,,0.0,0.0,,0.0,43.0,43.0,43.0,1210.622,1210.622,,genuine,,,,,
78.0,111.0,0.0961714478114478,0.0379270198272637,0.0169999999999999,0.2993333333333333,0.0816715054854767,0.1805269402712748,0.0,1.4036666666666668,0.1136677231646609,0.1952888807832715,0.0,1.4193333333333331,154.33333333333334,601.1043333333333,29.656832327422237,1.2443846657091953,0.0,0.0,0.0,0.0,0.0,0.0,65.0,32.5,65.0,2444.191,1222.0955,288.04348285024605,genuine,,,,,
79.0,113.5,0.0031090577703949,0.0024486526482455,0.001,0.01175,0.1579021115956072,0.3570683239024955,0.0,2.8594999999999997,0.1593193198597268,0.3579353403677964,0.0,2.862,94.5,473.42925,197.32678012104984,0.0223744991256775,0.0,0.0,0.0,0.0,0.0,0.0,48.0,16.0,48.0,3094.428,1031.476,994.4981788706302,genuine,,,,,
80.0,115.0,0.0053,0.003501898219429,0.002,0.02,0.1861499999999999,0.3729501307145501,0.0,2.375,0.18855,0.3746600450636398,0.0,2.379,80.0,187.703,25.57231370835842,0.0284716626376578,0.0,,0.0,0.0,,0.0,18.0,18.0,18.0,432.977,432.977,,genuine,,,,,
81.0,115.0,0.1015116279069767,0.0319585785227389,0.0,0.2,0.1787558139534883,0.4562187568037592,0.0,4.363,0.2238139534883721,0.4847344847850563,0.0,4.463,172.0,159.605,64.65962845775509,0.5678787484550836,0.0,,0.0,0.0,,0.0,15.0,15.0,15.0,173.579,173.579,,genuine,,,,,
82.0,115.5,0.0951081130690161,0.033743608084138,0.0145,0.1915,0.102631791483113,0.2081913219269212,0.0,1.198,0.1397867107195301,0.2450313187332573,0.0,1.3245,125.5,452.5005000000001,21.280346629729504,0.9819893069440944,0.0,0.0,0.0,0.0,0.0,0.0,32.0,16.0,32.0,903.288,451.644,555.6105675308921,genuine,,,,,
83.0,117.0,0.1217367617266635,0.0935110332612903,0.0,0.559,1.086103764553975,3.4173830677307873,0.0,15.582666666666666,0.805706444934215,3.081117144071466,0.0,15.229,73.66666666666667,189.5906666666667,79.9832097088215,0.3651550049408906,0.0,0.0,0.0,0.0,0.0,0.0,16.0,5.333333333333333,16.0,618.346,206.11533333333333,250.7325914880898,genuine,,,,,
84.0,119.0,0.041006691565515,0.0091352608271777,0.032,0.0623333333333333,0.2302600373482726,0.5146520581197582,0.0,2.665666666666666,0.2389721444133209,0.5313917696133349,0.0,2.706666666666667,36.0,98.321,31.22638500144608,0.3240637553224872,0.0,0.0,0.0,0.0,0.0,0.0,40.0,10.0,40.0,626.7760000000001,156.69400000000002,189.54424624521496,genuine,,,,,
85.0,120.0,0.0659715909090909,0.016567240990158,0.0,0.104,0.119,0.2723831545032527,0.0,1.545,0.1469943181818181,0.293153660285798,0.0,1.609,176.0,330.753,31.927148053078884,0.5543831168831169,0.0,,0.0,0.0,,0.0,26.0,26.0,26.0,329.049,329.049,,genuine,,,,,
,,,,,,,,,,,,,,,,,,,,,,,,,,,,,,attack,0.1748357076505616,0.110019714013835,158.55024945389638,1.937320902726828,1.378494308322676
,,,,,,,,,,,,,,,,,,,,,,,,,,,,,,attack,0.1430867849414407,0.113857928379879,171.9909479901515,2.9551423205012384,0.5389173379111873
,,,,,,,,,,,,,,,,,,,,,,,,,,,,,,attack,0.1823844269050346,0.0727990111368603,237.3646802561631,1.0142739536644565,1.43480296005283
,,,,,,,,,,,,,,,,,,,,,,,,,,,,,,attack,0.2261514928204012,0.1092901478864401,230.51851327167324,2.504046515517844,1.6778189294024757
,,,,,,,,,,,,,,,,,,,,,,,,,,,,,,attack,0.1382923312638332,0.1117228989319472,198.95492030179255,1.4697423816275592,1.2067174516118504
,,,,,,,,,,,,,,,,,,,,,,,,,,,,,,attack,0.1382931521525409,0.0714259432789452,205.8663691654391,1.2071271677376558,1.9383979062790329
,,,,,,,,,,,,,,,,,,,,,,,,,,,,,,attack,0.2289606407753695,0.1746309804457902,263.88324478942127,1.892969640045442,0.6131054004482135
,,,,,,,,,,,,,,,,,,,,,,,,,,,,,,attack,0.1883717364576454,0.1189533168364715,170.4214305582085,0.964757677580626,0.3776726483442915
,,,,,,,,,,,,,,,,,,,,,,,,,,,,,,attack,0.1265262807032524,0.052347860111894,227.3548690585019,1.446350694652818,0.1106398755478607
,,,,,,,,,,,,,,,,,,,,,,,,,,,,,,attack,0.1771280021792982,0.1262621443453531,189.89036737830529,0.8021221074111515,1.7480221557445916
,,,,,,,,,,,,,,,,,,,,,,,,,,,,,,attack,0.1268291153593768,0.0610127331909071,189.11593983863895,3.9647251329163895,1.3271828281770288
,,,,,,,,,,,,,,,,,,,,,,,,,,,,,,attack,0.1267135123214871,0.1314833841496981,254.9388425993595,2.035263551971729,0.9722076645447724
,,,,,,,,,,,,,,,,,,,,,,,,,,,,,,attack,0.1620981135783017,0.1463438231602961,241.27081744940148,1.3002744920074143,1.13998431315991
,,,,,,,,,,,,,,,,,,,,,,,,,,,,,,attack,0.0543359877671101,0.0671727072659315,240.67548180003192,2.213979910734222,0.4372554763508117
,,,,,,,,,,,,,,,,,,,,,,,,,,,,,,attack,0.0637541083743483,0.1385350451697728,265.27394035771647,1.88767195030917,2.222875989808413
,,,,,,,,,,,,,,,,,,,,,,,,,,,,,,attack,0.1218856235379513,0.1165112370774599,201.05019208163796,1.779030400466777,1.0646105909876138
,,,,,,,,,,,,,,,,,,,,,,,,,,,,,,attack,0.0993584439832788,0.1328824063997796,234.0976485647482,2.614166700043425,1.0546973973024465
,,,,,,,,,,,,,,,,,,,,,,,,,,,,,,attack,0.1657123666297636,0.1758717193061579,184.4866621703272,2.757507710047305,1.362883311949346
,,,,,,,,,,,,,,,,,,,,,,,,,,,,,,attack,0.1045987962239394,0.0901844753598851,216.2083176244221,1.4694988523894723,1.2405046158683566
,,,,,,,,,,,,,,,,,,,,,,,,,,,,,,attack,0.0793848149332354,0.0698505534257004,193.49284728161575,1.42418175935532,1.1119420121395658
,,,,,,,,,,,,,,,,,,,,,,,,,,,,,,attack,0.2232824384460777,0.064419422814979,204.8497982496359,1.724948302848356,0.6047627722773441
,,,,,,,,,,,,,,,,,,,,,,,,,,,,,,attack,0.1387111849756732,0.0673675886013824,229.75785127184568,-0.3019211647355848,1.2357341785679978
,,,,,,,,,,,,,,,,,,,,,,,,,,,,,,attack,0.1533764102343962,0.0969159316234358,159.08896583832637,0.4848089378014477,1.941012248237517
,,,,,,,,,,,,,,,,,,,,,,,,,,,,,,attack,0.0787625906893271,0.1136460789926657,304.619363784273,3.3668742674445244,1.6727100230774887
,,,,,,,,,,,,,,,,,,,,,,,,,,,,,,attack,0.1227808637737408,0.1110676319732007,149.6991309250149,3.644967713501284,1.7965933133196983
,,,,,,,,,,,,,,,,,,,,,,,,,,,,,,attack,0.1555461294854933,0.1330873299614409,139.2905693606134,1.7509639604436216,0.7443921617844074
,,,,,,,,,,,,,,,,,,,,,,,,,,,,,,attack,0.0924503211288848,0.1005200756751162,257.9055436750034,2.5765569630557663,0.5051975898707095
,,,,,,,,,,,,,,,,,,,,,,,,,,,,,,attack,0.1687849009172836,0.1581413630862926,239.5831346981468,2.311250154543536,0.937106539950176
,,,,,,,,,,,,,,,,,,,,,,,,,,,,,,attack,0.1199680655040597,0.0894137266704817,231.20599085260775,5.078880808455238,1.0278624561443472
,,,,,,,,,,,,,,,,,,,,,,,,,,,,,,attack,0.1354153125103361,0.2088067666635847,231.417275463214,3.1195749114345768,1.5470957592354742
,,,,,,,,,,,,,,,,,,,,,,,,,,,,,,attack,0.1199146693885301,0.1250266939106002,199.38766135765428,1.8720824085192336,0.1537676851425903
,,,,,,,,,,,,,,,,,,,,,,,,,,,,,,attack,0.2426139092254469,0.0657136977433487,155.1372814257084,1.0444595593995742,1.764775159730307
,,,,,,,,,,,,,,,,,,,,,,,,,,,,,,attack,0.1493251387631033,0.0571643000775555,203.7902279096863,0.3935536797424275,0.9209960507105052
,,,,,,,,,,,,,,,,,,,,,,,,,,,,,,attack,0.0971144535522049,0.1192988966097274,166.14191442439443,2.203463635867223,0.7865594650262899
,,,,,,,,,,,,,,,,,,,,,,,,,,,,,,attack,0.1911272456051594,0.0910614885869659,248.75598667088755,1.2436492547156963,0.4939478123699162
,,,,,,,,,,,,,,,,,,,,,,,,,,,,,,attack,0.0889578175014488,0.1285600197636837,192.64713092489308,0.5777462904023258,0.1725716640671153
,,,,,,,,,,,,,,,,,,,,,,,,,,,,,,attack,0.1604431797502377,0.1189295049829418,158.72514016037442,1.353427115757473,1.4115852919809573
,,,,,,,,,,,,,,,,,,,,,,,,,,,,,,attack,0.0520164938060112,0.0970868434937251,183.93070791735033,0.918451996385605,1.036658983594202
,,,,,,,,,,,,,,,,,,,,,,,,,,,,,,attack,0.0835906975550784,0.0661282512772638,220.6465727137812,3.6871416350725648,0.355019550129473
,,,,,,,,,,,,,,,,,,,,,,,,,,,,,,attack,0.1598430617934561,0.0394061110125654,171.81377235980125,2.8816397569494505,0.3524606139681919
,,,,,,,,,,,,,,,,,,,,,,,,,,,,,,attack,0.1869233289997705,0.0821394019173191,158.88898022167842,1.9920273586833823,0.8321076503549358
,,,,,,,,,,,,,,,,,,,,,,,,,,,,,,attack,0.1585684140594985,0.1342559517729389,212.1843605745956,3.479944138890026,1.8345107626446968
,,,,,,,,,,,,,,,,,,,,,,,,,,,,,,attack,0.1442175858805879,0.1085637497652081,212.24832855543613,2.0773683076476184,0.8702043243181976
,,,,,,,,,,,,,,,,,,,,,,,,,,,,,,attack,0.1349448152205355,0.0501704488515204,174.65284123144352,1.1387157986717362,0.2484285234409469
,,,,,,,,,,,,,,,,,,,,,,,,,,,,,,attack,0.0760739004816286,0.1069272370340472,176.44808471908385,3.5231240772696575,0.8771284679570278
,,,,,,,,,,,,,,,,,,,,,,,,,,,,,,attack,0.1140077895802645,0.1154126951891534,211.60249686788185,2.5389100436846586,0.8636382151261648
,,,,,,,,,,,,,,,,,,,,,,,,,,,,,,attack,0.1269680614520106,0.0646457025519546,127.5957829251338,0.9627538456735436,-0.3484433214707858
,,,,,,,,,,,,,,,,,,,,,,,,,,,,,,attack,0.2028561113109457,0.1061490042378211,129.62681128117225,1.8096613219163915,0.972852566741094
,,,,,,,,,,,,,,,,,,,,,,,,,,,,,,attack,0.167180914478423,0.10232834873784,164.07778893737822,1.1243817466152428,0.884532734895661
,,,,,,,,,,,,,,,,,,,,,,,,,,,,,,attack,0.0618479922318633,0.054281188086775,189.32764241440765,0.6172002690356639,1.3481031824067091
,,,,,,,,,,,,,,,,,,,,,,,,,,,,,,attack,0.1662041984697397,0.1143114944139313,215.54537827990023,2.9261775475316414,1.9244780474726728
,,,,,,,,,,,,,,,,,,,,,,,,,,,,,,attack,0.1307458859791841,0.1224313810547293,273.7678108474776,3.9094166404701305,1.5632825147738787
,,,,,,,,,,,,,,,,,,,,,,,,,,,,,,attack,0.116153899984702,0.1433220497270111,242.88298116010097,0.6014324261808588,0.8655556547225847
,,,,,,,,,,,,,,,,,,,,,,,,,,,,,,attack,0.1805838144420433,0.1421520820813961,192.00307350182865,2.562969236690571,0.4467370456291648
,,,,,,,,,,,,,,,,,,,,,,,,,,,,,,attack,0.2015499761247975,0.0448932252817163,199.04918960486555,1.349357430878173,2.28667990162493
,,,,,,,,,,,,,,,,,,,,,,,,,,,,,,attack,0.1965640059558099,0.062486998403395,149.87353176810956,1.512874616235304,1.0296092170072442
,,,,,,,,,,,,,,,,,,,,,,,,,,,,,,attack,0.108039123838868,0.1206014106883464,199.0743432003805,1.4076060757611308,1.0069646459564732
,,,,,,,,,,,,,,,,,,,,,,,,,,,,,,attack,0.1345393812074392,0.1205514380364883,185.5670680539931,1.136009230320184,0.9879374564449984
,,,,,,,,,,,,,,,,,,,,,,,,,,,,,,attack,0.1665631715701782,0.1206019074522419,216.13592801690447,2.048521627944827,1.0990423803839275
,,,,,,,,,,,,,,,,,,,,,,,,,,,,,,attack,0.1987772563561179,0.2541092596261888,158.63845282238384,1.1690498835889622,0.9278197940380288
,,,,,,,,,,,,,,,,,,,,,,,,,,,,,,attack,0.1260412881077355,0.1228356204277267,225.96732571205865,2.270456825779839,0.7131689965598819
,,,,,,,,,,,,,,,,,,,,,,,,,,,,,,attack,0.1407170511668091,0.1454226256072239,276.6369456501289,1.9497618905508631,0.7265705293798039
,,,,,,,,,,,,,,,,,,,,,,,,,,,,,,attack,0.0946832512996985,0.1381600705397281,194.56199257715713,1.7610519531335902,0.9836233648920008
,,,,,,,,,,,,,,,,,,,,,,,,,,,,,,attack,0.0901896687959664,0.1260556500522319,220.08558610494708,1.092436337958402,0.7282876144331175
,,,,,,,,,,,,,,,,,,,,,,,,,,,,,,attack,0.1906262911197099,0.0873892302143861,234.5071995855556,1.4232286694316674,0.6435771086614178
,,,,,,,,,,,,,,,,,,,,,,,,,,,,,,attack,0.2178120014285411,0.1303587688197307,179.9389764057082,2.755391225825756,1.0532151138459485
,,,,,,,,,,,,,,,,,,,,,,,,,,,,,,attack,0.1463994939209833,0.0690869914184971,211.20462409052084,2.5009171876243808,0.8725113912895723
,,,,,,,,,,,,,,,,,,,,,,,,,,,,,,attack,0.2001766448946012,0.0905272557303996,200.62962003908973,1.022444755201449,1.7519964942913444
,,,,,,,,,,,,,,,,,,,,,,,,,,,,,,attack,0.1680818012523817,0.0805854580868358,204.8838049274416,2.099332305429226,-0.325484904196506
,,,,,,,,,,,,,,,,,,,,,,,,,,,,,,attack,0.1177440122697437,0.1032749655754529,161.3495108072267,2.751387123371789,1.5457534259612309
,,,,,,,,,,,,,,,,,,,,,,,,,,,,,,attack,0.1680697802754207,0.1925863426669403,201.22550871294715,0.3305947188786282,1.6230425962488146
,,,,,,,,,,,,,,,,,,,,,,,,,,,,,,attack,0.2269018283232984,0.02530939229633,224.8999145622725,2.543360192379935,-0.0366951162040747
,,,,,,,,,,,,,,,,,,,,,,,,,,,,,,attack,0.1482086980445024,0.1274504076149805,272.5571803897521,1.3373762410541534,0.8286562029598257
,,,,,,,,,,,,,,,,,,,,,,,,,,,,,,attack,0.2282321827907003,0.0354913651524139,247.96354130426033,2.570598668593159,0.8142795670021042
,,,,,,,,,,,,,,,,,,,,,,,,,,,,,,attack,0.0190127447955127,0.0811227253684226,307.65912287557785,1.2367408434574831,0.2962441526410894
,,,,,,,,,,,,,,,,,,,,,,,,,,,,,,attack,0.1910951252187611,0.1435580238786946,161.6326218555975,0.1951178993354809,0.6110916562045623
,,,,,,,,,,,,,,,,,,,,,,,,,,,,,,attack,0.1543523534119085,0.1025712007638185,243.61603183603393,0.3724575621168373,0.4447120772670856
,,,,,,,,,,,,,,,,,,,,,,,,,,,,,,attack,0.1350496324767066,0.0568902088828277,209.1671002869176,2.048084946661382,1.8761352217118112
,,,,,,,,,,,,,,,,,,,,,,,,,,,,,,attack,0.1545880388267751,0.0713878516296012,309.4901466608836,2.2597225017214817,1.4678391965737303
,,,,,,,,,,,,,,,,,,,,,,,,,,,,,,attack,0.0506215542699553,0.127183909957387,159.58508573224242,1.0956833748955914,1.6357775474970793
,,,,,,,,,,,,,,,,,,,,,,,,,,,,,,attack,0.1390164056081244,0.0707853347313145,158.0139078909612,2.638592458777374,1.3608360320216175
,,,,,,,,,,,,,,,,,,,,,,,,,,,,,,attack,0.1678556285755873,0.108658343583279,170.0303677277989,0.3384799377310401,0.4354741143913854
,,,,,,,,,,,,,,,,,,,,,,,,,,,,,,attack,0.2238947022370758,0.1018228735961525,93.80521378450966,1.9339202013526835,0.7377398668601132
,,,,,,,,,,,,,,,,,,,,,,,,,,,,,,attack,0.1240864890863176,0.0739359860957673,173.71224891596194,0.7889838002375433,1.244687280613959
,,,,,,,,,,,,,,,,,,,,,,,,,,,,,,attack,0.1095753198553406,0.185757763573013,162.0433669223151,1.348163892197841,0.3889360955540273
,,,,,,,,,,,,,,,,,,,,,,,,,,,,,,attack,0.1249121478207731,0.1253567608927204,207.5196893238104,2.047398671316414,1.356499215086194
,,,,,,,,,,,,,,,,,,,,,,,,,,,,,,attack,0.1957701058851037,0.0189942965336957,217.087798788858,1.1395866347160477,0.8798373009209325
,,,,,,,,,,,,,,,,,,,,,,,,,,,,,,attack,0.1664375554829842,0.1074581725907771,293.8085419607943,1.6154444557701746,0.8125895962252012
,,,,,,,,,,,,,,,,,,,,,,,,,,,,,,attack,0.123511989811648,0.0735285414092644,247.5211919093025,3.0062928092144405,1.3554799841017455
,,,,,,,,,,,,,,,,,,,,,,,,,,,,,,attack,0.1756633716556678,0.1340973333918489,171.15481721687985,1.4231081304768511,1.22213165574302
,,,,,,,,,,,,,,,,,,,,,,,,,,,,,,attack,0.154853877467402,0.0682991704626919,155.0792664325821,2.835692112065142,0.81951691709046
,,,,,,,,,,,,,,,,,,,,,,,,,,,,,,attack,0.1984322495266444,0.095410542341324,224.59595857532528,0.8702931453423819,1.579664901682124
,,,,,,,,,,,,,,,,,,,,,,,,,,,,,,attack,0.1148973453061323,0.1201994911592183,133.9883396489679,2.529804177915283,0.4594683362000513
,,,,,,,,,,,,,,,,,,,,,,,,,,,,,,attack,0.1336168926701116,0.1346302077668048,291.5729382927177,3.4415686206579004,1.3079678034721318
,,,,,,,,,,,,,,,,,,,,,,,,,,,,,,attack,0.1303945923433921,0.0519881437177689,258.97200603606433,-0.4716445001272893,1.296550628984192
,,,,,,,,,,,,,,,,,,,,,,,,,,,,,,attack,0.076824252593394,0.086619950566362,176.54121739476477,1.203104744529523,0.8452267803430049
,,,,,,,,,,,,,,,,,,,,,,,,,,,,,,attack,0.1648060138532288,0.0810021875535617,114.34327354545611,2.57707212718054,1.163066511121059
,,,,,,,,,,,,,,,,,,,,,,,,,,,,,,attack,0.1630527636089944,0.0738668306970515,267.69361870827066,1.7969546139570074,0.3744432118073485
,,,,,,,,,,,,,,,,,,,,,,,,,,,,,,attack,0.150255672832123,0.1706181696112438,194.2730077373691,2.371145873371309,1.4620135096034506
,,,,,,,,,,,,,,,,,,,,,,,,,,,,,,attack,0.1382706433312426,0.1161992684384382,261.8908155986731,1.3960148132841794,0.9075489317785056
,,,,,,,,,,,,,,,,,,,,,,,,,,,,,,attack,0.0792314628974792,0.0495646418265982,120.27861706028165,2.0865897874729,0.7386384897404803
,,,,,,,,,,,,,,,,,,,,,,,,,,,,,,attack,0.128967733861732,0.136714477882191,170.03124885231136,1.8443227646079208,1.5245046129184447
,,,,,,,,,,,,,,,,,,,,,,,,,,,,,,attack,0.1328642741736615,0.1848862478805053,200.26218498590916,3.1677820616598074,0.6478281547286204
,,,,,,,,,,,,,,,,,,,,,,,,,,,,,,attack,0.109886136538919,0.1412986104220459,202.3490296882371,2.254420843301213,0.2957693518182201
,,,,,,,,,,,,,,,,,,,,,,,,,,,,,,attack,0.1419357144166995,0.0392252013618394,177.4967264260378,2.337602662075202,0.2216854132380481
,,,,,,,,,,,,,,,,,,,,,,,,,,,,,,attack,0.1702025428407269,0.0806306370853499,231.14249661737497,1.5881230338775327,1.30300497567282
,,,,,,,,,,,,,,,,,,,,,,,,,,,,,,attack,0.2443092950605265,0.1506764459674649,146.6189785308703,1.5123937759275066,0.3597853237518584
,,,,,,,,,,,,,,,,,,,,,,,,,,,,,,attack,0.1587288906415919,0.0716932213752487,192.88102574893531,1.567441812180379,1.8773970909921824
,,,,,,,,,,,,,,,,,,,,,,,,,,,,,,attack,0.1628775195361382,0.1177527771258491,206.01478158559493,2.394452142378297,-0.040964703941861
,,,,,,,,,,,,,,,,,,,,,,,,,,,,,,attack,0.1462777042116916,0.1309853621371735,225.72194170293744,1.579015519179737,1.848228184145019
,,,,,,,,,,,,,,,,,,,,,,,,,,,,,,attack,0.0540614392350479,0.0629227811368766,235.5807439044445,2.289774856896413,1.1055087336013092
,,,,,,,,,,,,,,,,,,,,,,,,,,,,,,attack,0.1486743062275391,0.097618985757528,143.76789540810654,4.075400798645439,0.9516434440648038
,,,,,,,,,,,,,,,,,,,,,,,,,,,,,,attack,0.1530115104970513,-0.0296506936027629,123.29429146321888,2.8711247034316925,0.7275404565955251
,,,,,,,,,,,,,,,,,,,,,,,,,,,,,,attack,0.2731621056242643,0.0590244943466284,263.88384109492546,1.673976467832159,1.1995680571760354
,,,,,,,,,,,,,,,,,,,,,,,,,,,,,,attack,0.1403819517609438,0.0898972739442735,216.61570059897957,3.201213922163945,0.9811826487875758
,,,,,,,,,,,,,,,,,,,,,,,,,,,,,,attack,0.1650773671166806,0.050088672721406,162.57567317217232,1.5919246269784486,1.5516509410082606
,,,,,,,,,,,,,,,,,,,,,,,,,,,,,,attack,0.1482644115147378,0.1652964521572654,277.55759877612616,-0.0381245351778538,1.05711382433102
,,,,,,,,,,,,,,,,,,,,,,,,,,,,,,attack,0.0915660981190233,0.0427943448815747,205.78373171464293,0.991913689082596,1.075150880730939
,,,,,,,,,,,,,,,,,,,,,,,,,,,,,,attack,0.207141140725751,0.0823982205321206,258.96485920319134,0.1292080789741443,0.8181938938930721
,,,,,,,,,,,,,,,,,,,,,,,,,,,,,,attack,0.1875966516343387,0.1052296230914436,203.37592407050545,1.6484865159586914,0.9715271881394664
,,,,,,,,,,,,,,,,,,,,,,,,,,,,,,attack,0.1895515973521523,0.1576509315626446,303.03739624409934,2.018418379189552,1.1539008844460297
,,,,,,,,,,,,,,,,,,,,,,,,,,,,,,attack,0.104530627260263,0.0425655139528224,287.7670421221602,3.676437312275283,0.1449158036716872
,,,,,,,,,,,,,,,,,,,,,,,,,,,,,,attack,0.2201397155468049,0.1465265500861984,187.55179257604632,2.3269273737641627,0.3259072889471435
,,,,,,,,,,,,,,,,,,,,,,,,,,,,,,attack,0.0799074468603859,0.1004093224407834,248.57854754771776,1.7808994711911357,1.3716320470113574
,,,,,,,,,,,,,,,,,,,,,,,,,,,,,,attack,0.1793428546900135,0.0607396539580819,232.2687974792574,2.8294055811834893,1.085432719063971
,,,,,,,,,,,,,,,,,,,,,,,,,,,,,,attack,0.2595227812904989,0.1184841389705308,268.43157787661744,-0.2111353090078851,0.9080083318236604
,,,,,,,,,,,,,,,,,,,,,,,,,,,,,,attack,0.1004731837434655,0.1079623878229388,151.7538269709948,2.235614558108566,1.0092169665326969
,,,,,,,,,,,,,,,,,,,,,,,,,,,,,,attack,0.1216851135198614,0.0759913249136482,234.30257299992195,2.7708651938869666,1.1737908526808356
,,,,,,,,,,,,,,,,,,,,,,,,,,,,,,attack,0.154982568254382,0.1027920833996007,252.92122434247935,0.5214137542201585,0.7301201598453193
,,,,,,,,,,,,,,,,,,,,,,,,,,,,,,attack,0.12482621729419,0.0845874561255295,112.06302567884428,3.143754043206929,0.6108476372988436
,,,,,,,,,,,,,,,,,,,,,,,,,,,,,,attack,0.0724668284466933,0.1045406938100499,140.83707436671125,2.3384964074944143,1.0979226275488407
,,,,,,,,,,,,,,,,,,,,,,,,,,,,,,attack,0.1534281487403013,0.1264852269808418,98.03839111199495,1.5847120860991988,0.5108136111924839
,,,,,,,,,,,,,,,,,,,,,,,,,,,,,,attack,0.0968848143136947,0.163440672645814,186.5296582777721,2.632781866106285,1.204126377857236
,,,,,,,,,,,,,,,,,,,,,,,,,,,,,,attack,0.1736796215317591,0.050487380046926,235.8771127897981,4.270692857804396,0.1487081978810798
,,,,,,,,,,,,,,,,,,,,,,,,,,,,,,attack,0.1040287882883098,0.1853213349862506,275.1178526048014,2.181866255058495,1.5145778186628218
,,,,,,,,,,,,,,,,,,,,,,,,,,,,,,attack,0.2274967202508769,0.0219164880190999,203.70473902098877,2.248220586300336,1.2362987412065216
,,,,,,,,,,,,,,,,,,,,,,,,,,,,,,attack,0.1108373353831881,0.0939285961985766,281.4307772785646,1.540639100459756,1.128014867156938
,,,,,,,,,,,,,,,,,,,,,,,,,,,,,,attack,0.1338969241897162,0.123532688259383,130.99492708925544,1.1501556305352083,1.491345491972757
,,,,,,,,,,,,,,,,,,,,,,,,,,,,,,attack,0.1906758608684834,0.1112396747094013,114.83087803224228,2.830335816544246,1.8327372222312883
,,,,,,,,,,,,,,,,,,,,,,,,,,,,,,attack,0.0884567841783022,0.0750920192071762,197.22261505516903,1.1439161740911328,1.5071850325090652
,,,,,,,,,,,,,,,,,,,,,,,,,,,,,,attack,0.1613729967302064,0.0916751099857089,219.20327244696537,2.0715662372193924,0.0795628843341773
,,,,,,,,,,,,,,,,,,,,,,,,,,,,,,attack,0.2153571377141214,0.0802799626136467,198.36526259529535,1.522342553234883,0.3602115166321492
,,,,,,,,,,,,,,,,,,,,,,,,,,,,,,attack,0.0696258382719386,0.0764254097222315,96.62789499800616,2.478979825746392,0.6875907111521606
,,,,,,,,,,,,,,,,,,,,,,,,,,,,,,attack,0.1592316929266152,0.133984083880841,195.54399802436055,2.3336621052869484,1.013045525105417
,,,,,,,,,,,,,,,,,,,,,,,,,,,,,,attack,0.1629941397124211,0.1142806194386019,134.77652497475734,3.037539944257899,1.2588295102345617
,,,,,,,,,,,,,,,,,,,,,,,,,,,,,,attack,0.1890911435888655,0.0722836161895738,233.4836274415019,1.489983601145253,0.6371280934232673
,,,,,,,,,,,,,,,,,,,,,,,,,,,,,,attack,0.0881524644560959,0.13598399501733,218.3299123048424,1.7301250647066286,1.0933833822385393
,,,,,,,,,,,,,,,,,,,,,,,,,,,,,,attack,0.0839771693457861,0.1122919808350643,153.00601068363224,1.0212362842176923,0.6223085338233387
,,,,,,,,,,,,,,,,,,,,,,,,,,,,,,attack,0.1760970782808448,0.1325144847535584,174.30665413316532,1.5557067399238884,0.6942410985040259
,,,,,,,,,,,,,,,,,,,,,,,,,,,,,,attack,0.1648492336616593,0.1251851536769445,147.0393239055524,2.377300493044852,0.2966694515758888
,,,,,,,,,,,,,,,,,,,,,,,,,,,,,,attack,0.2038383376944547,0.1750743789430094,287.9381971071835,3.3744372984904705,1.5043038252718464
,,,,,,,,,,,,,,,,,,,,,,,,,,,,,,attack,0.1824157697191833,0.1777809152335898,317.60276982571486,4.395803533437409,0.9233049431981426
,,,,,,,,,,,,,,,,,,,,,,,,,,,,,,attack,0.2012063373511333,0.1745045149077393,237.4230287904778,4.494030186282739,1.6805191261552488
,,,,,,,,,,,,,,,,,,,,,,,,,,,,,,attack,0.3026820898303919,0.2475606612443021,372.18823020366295,4.260673765823907,1.3384551032962508
,,,,,,,,,,,,,,,,,,,,,,,,,,,,,,attack,0.2025300555584028,0.2568201699195942,295.89244108037155,3.44969484615458,2.8210075800681844
,,,,,,,,,,,,,,,,,,,,,,,,,,,,,,attack,0.3816191032418695,0.1771701482500209,355.86479157940636,3.328376632061949,2.5049085446713173
,,,,,,,,,,,,,,,,,,,,,,,,,,,,,,attack,0.2746658950440445,0.1667057770758308,317.1362673188852,3.974445929008555,1.655924827411138
,,,,,,,,,,,,,,,,,,,,,,,,,,,,,,attack,0.2592418061847437,0.2188566222554561,322.8376609576892,5.172729019259364,3.1262179026721544
,,,,,,,,,,,,,,,,,,,,,,,,,,,,,,attack,0.2070821109909393,0.1779110782287611,328.4883640116102,4.543600154594432,2.490882743495797
,,,,,,,,,,,,,,,,,,,,,,,,,,,,,,attack,0.2850154939704495,0.2253172727102204,322.3854280008658,3.629385667913894,1.8375843082456889
,,,,,,,,,,,,,,,,,,,,,,,,,,,,,,attack,0.2212181086881113,0.208116920834052,332.1361379933772,4.771698710648344,0.7502971425632134
,,,,,,,,,,,,,,,,,,,,,,,,,,,,,,attack,0.2561004907322681,0.1393702354001107,366.4576265066216,1.1514573793699243,3.145471286295371
,,,,,,,,,,,,,,,,,,,,,,,,,,,,,,attack,0.3780042269134397,0.2619002080532024,309.82605848507353,5.1487657003721035,1.305213766618202
,,,,,,,,,,,,,,,,,,,,,,,,,,,,,,attack,0.2451970050137675,0.2718351069238209,335.4501878794256,2.2602862212219,1.177300626521554
,,,,,,,,,,,,,,,,,,,,,,,,,,,,,,attack,0.3074636663142838,0.1754884523806245,295.51321528563864,3.637559058596868,2.51128521600482
,,,,,,,,,,,,,,,,,,,,,,,,,,,,,,attack,0.2148411787437056,0.1844919376025606,372.0058607724736,2.880330105373856,3.2198762031696364
,,,,,,,,,,,,,,,,,,,,,,,,,,,,,,attack,0.2482505754751519,0.2114346156289962,266.1803848970365,2.705318524279094,2.692136409255259
,,,,,,,,,,,,,,,,,,,,,,,,,,,,,,attack,0.3385400317817755,0.213378271599481,390.0470216455408,5.16082678737852,2.28195456002618
,,,,,,,,,,,,,,,,,,,,,,,,,,,,,,attack,0.2186516471106116,0.2263417709069132,297.99210246778284,3.5322987986881085,2.297377170832643
,,,,,,,,,,,,,,,,,,,,,,,,,,,,,,attack,0.3406224278998464,0.280408181550654,228.4612448940976,4.346503881730715,2.4267077793901537
,,,,,,,,,,,,,,,,,,,,,,,,,,,,,,attack,0.2853875967727737,0.192922110900238,306.40522074553945,3.953079421120816,2.379464294893382
,,,,,,,,,,,,,,,,,,,,,,,,,,,,,,attack,0.2218766612052866,0.1680681102184618,265.94741712625597,4.477040827223122,2.140595711984688
,,,,,,,,,,,,,,,,,,,,,,,,,,,,,,attack,0.281620386952776,0.1448272308794189,342.0321774494362,4.076821891060256,2.052100551975938
,,,,,,,,,,,,,,,,,,,,,,,,,,,,,,attack,0.2986277224813365,0.1707627984023232,267.36880103488045,2.7170077758114304,1.968703436050239
,,,,,,,,,,,,,,,,,,,,,,,,,,,,,,attack,0.2810904981108598,0.1986749210850481,277.69082833926103,4.99626681944714,1.623017705566662
,,,,,,,,,,,,,,,,,,,,,,,,,,,,,,attack,0.1714887640054772,0.2717823145407115,205.52296345272345,3.5062434168386876,1.859662461566613
,,,,,,,,,,,,,,,,,,,,,,,,,,,,,,attack,0.2136431412087565,0.1792955480385531,277.38468403754615,2.443418101340249,1.1535215929023073
,,,,,,,,,,,,,,,,,,,,,,,,,,,,,,attack,0.2376240682224247,0.2089515180655559,178.80603366855215,3.5718848390340874,1.950830186602625
,,,,,,,,,,,,,,,,,,,,,,,,,,,,,,attack,0.2462783285449976,0.1993430841570899,220.80485882571384,5.50075979063431,1.5057044464245413
,,,,,,,,,,,,,,,,,,,,,,,,,,,,,,attack,0.2810336048775339,0.2475357309379233,338.02073280721487,4.850221742113493,1.4482053413921143
,,,,,,,,,,,,,,,,,,,,,,,,,,,,,,attack,0.2588850500466627,0.3010772970349449,339.2900079325416,3.651347865592141,2.089947075576739
,,,,,,,,,,,,,,,,,,,,,,,,,,,,,,attack,0.1832327820644949,0.1787652490831872,321.27287808924825,3.6507422956815714,2.6960011431722997
,,,,,,,,,,,,,,,,,,,,,,,,,,,,,,attack,0.2690098925502981,0.1804224222992711,251.65119284353935,3.6783649487826175,2.459158303001157
,,,,,,,,,,,,,,,,,,,,,,,,,,,,,,attack,0.2805292872641911,0.2417664350827629,297.614432192901,6.076747983560841,1.2147496981884114
,,,,,,,,,,,,,,,,,,,,,,,,,,,,,,attack,0.277989522396552,0.2272756595850524,299.8198730454716,4.381935452231553,1.5051859317148313
,,,,,,,,,,,,,,,,,,,,,,,,,,,,,,attack,0.3040390362777311,0.2738682930294414,242.08176554037288,4.43004164719107,2.470385593994108
,,,,,,,,,,,,,,,,,,,,,,,,,,,,,,attack,0.2916961077274452,0.2233571274130385,375.1699150883575,5.030283454031842,1.5087563032308453
,,,,,,,,,,,,,,,,,,,,,,,,,,,,,,attack,0.2729590039614218,0.1856283163685176,343.86811452878356,4.238789159026513,1.887683425001488
,,,,,,,,,,,,,,,,,,,,,,,,,,,,,,attack,0.2464917144270676,0.2236261932276924,288.9517913085168,3.740957854179297,2.275026049512276
,,,,,,,,,,,,,,,,,,,,,,,,,,,,,,attack,0.1669519533242004,0.2443481432233163,301.34429194972654,3.8036501509150216,1.5158277725681824
,,,,,,,,,,,,,,,,,,,,,,,,,,,,,,attack,0.2714809109566293,0.2328192872478945,310.41914039737765,3.928398740585936,2.05268775307298
,,,,,,,,,,,,,,,,,,,,,,,,,,,,,,attack,0.2603843843581556,0.2202909612442919,197.91325657878548,3.962777763490158,1.3329872525408977
,,,,,,,,,,,,,,,,,,,,,,,,,,,,,,attack,0.2635789418597686,0.2426669875835661,287.64113087397016,4.72762954363698,1.699316178024393
,,,,,,,,,,,,,,,,,,,,,,,,,,,,,,attack,0.1861625712089845,0.2467718236178269,265.90078760011005,4.051945885807299,2.1598909670712683
,,,,,,,,,,,,,,,,,,,,,,,,,,,,,,attack,0.1959471729795869,0.2552863596415011,249.91899950525425,4.73264007721558,1.2035031332341657
,,,,,,,,,,,,,,,,,,,,,,,,,,,,,,attack,0.3026576426666452,0.2259483955035857,285.9449853557023,3.9192834198914177,2.2202373689801993
,,,,,,,,,,,,,,,,,,,,,,,,,,,,,,attack,0.2480222423071672,0.1933152767873258,389.8843263424762,4.07863519031609,1.9901811005366592
,,,,,,,,,,,,,,,,,,,,,,,,,,,,,,attack,0.2840750348686312,0.2058685474573329,332.0421430633505,2.0017993154678924,2.2762449772085738
,,,,,,,,,,,,,,,,,,,,,,,,,,,,,,attack,0.251415918806523,0.2482603586603343,271.4410505108602,4.916327674702481,2.1119570670323307
,,,,,,,,,,,,,,,,,,,,,,,,,,,,,,attack,0.2514878069747873,0.1673225731605105,328.62913906780796,4.346488475897993,2.682070214986922
,,,,,,,,,,,,,,,,,,,,,,,,,,,,,,attack,0.2969141902987999,0.214746932354916,369.9677718293001,4.998010109859652,2.0626122513239538
,,,,,,,,,,,,,,,,,,,,,,,,,,,,,,attack,0.2241977635891313,0.1842664475069055,346.23168414563844,1.1037446218063107,1.7852972294373737
,,,,,,,,,,,,,,,,,,,,,,,,,,,,,,attack,0.2548060388470491,0.2011497929173927,302.98151849600873,6.088374704780728,2.061148751516142
,,,,,,,,,,,,,,,,,,,,,,,,,,,,,,attack,0.2268862355647478,0.2511380745042919,267.6531611147213,3.8604103718448264,2.271649014518194
,,,,,,,,,,,,,,,,,,,,,,,,,,,,,,attack,0.2282751886283842,0.2076439627207961,334.9111656806795,5.108182816737516,2.0244300351628524
,,,,,,,,,,,,,,,,,,,,,,,,,,,,,,attack,0.234541393826568,0.2018574619262459,319.6742692710875,2.960094072874469,2.0202958456019413
,,,,,,,,,,,,,,,,,,,,,,,,,,,,,,attack,0.2611066885816856,0.1456057543608032,344.75966100138663,4.61277390506257,1.6490041560966224
,,,,,,,,,,,,,,,,,,,,,,,,,,,,,,attack,0.2260625689168261,0.2298501426410888,331.7585900840985,2.9465844368263436,1.668549541224526
,,,,,,,,,,,,,,,,,,,,,,,,,,,,,,attack,0.312787806278676,0.225819367245643,352.47763576596674,3.3762310393041948,1.2986973641001534
,,,,,,,,,,,,,,,,,,,,,,,,,,,,,,attack,0.2052696348890248,0.2865301889322184,273.2382394219716,5.914031353866786,2.8747883715934694
,,,,,,,,,,,,,,,,,,,,,,,,,,,,,,attack,0.240656417791932,0.1876888706018799,365.8697032817163,3.8093175992366537,1.3780683823043574
,,,,,,,,,,,,,,,,,,,,,,,,,,,,,,attack,0.2280134470862912,0.2087660131065575,309.87998023462,4.217432873179723,1.6535474011020463
,,,,,,,,,,,,,,,,,,,,,,,,,,,,,,attack,0.3223488942176866,0.2099753473484302,403.76304363126326,4.8700677306887545,1.6407963672154011
,,,,,,,,,,,,,,,,,,,,,,,,,,,,,,attack,0.2598277388255787,0.263098131190539,265.54060909552163,4.495681887972605,2.4474621884722207
,,,,,,,,,,,,,,,,,,,,,,,,,,,,,,attack,0.3015922269734317,0.1961881787045219,386.79819015826246,4.150418905143576,1.852525160853986
,,,,,,,,,,,,,,,,,,,,,,,,,,,,,,attack,0.1757219813481514,0.2111608610308135,309.89553917313236,4.3649610024662255,2.623871036336867
,,,,,,,,,,,,,,,,,,,,,,,,,,,,,,attack,0.2633525132934629,0.2243158603886615,267.42909981927755,6.403415585238275,1.663254687878066
,,,,,,,,,,,,,,,,,,,,,,,,,,,,,,attack,0.2944815397811718,0.2074643649262543,275.8057082972839,3.9423812029664145,2.139497081111901
,,,,,,,,,,,,,,,,,,,,,,,,,,,,,,attack,0.2541141994637712,0.1821426554179789,283.98263459028396,4.201099046714967,1.5823264733701214
,,,,,,,,,,,,,,,,,,,,,,,,,,,,,,attack,0.3032740187532675,0.2077635997159323,321.2082973200958,5.050654396007612,3.072574563886694
,,,,,,,,,,,,,,,,,,,,,,,,,,,,,,attack,0.2241355774949814,0.2429452699943909,326.14177440177497,5.105525932957984,1.4062007904852436
,,,,,,,,,,,,,,,,,,,,,,,,,,,,,,attack,0.320467372009279,0.1589393880235576,271.31499980307103,5.187030305560381,2.154910355113514
,,,,,,,,,,,,,,,,,,,,,,,,,,,,,,attack,0.3649449061809625,0.205318786965875,298.78227038695087,4.638730222029185,2.316888440466049
,,,,,,,,,,,,,,,,,,,,,,,,,,,,,,attack,0.231858071978017,0.1719951674024331,407.1135179305931,2.8569950872695165,2.2068995487257492
,,,,,,,,,,,,,,,,,,,,,,,,,,,,,,attack,0.2277248739299614,0.2478018651569937,386.3771585050356,5.6334315323010955,1.907356170561146
,,,,,,,,,,,,,,,,,,,,,,,,,,,,,,attack,0.322669223855885,0.139072523808649,321.8161834837016,2.853654606981312,1.9350896501332868
,,,,,,,,,,,,,,,,,,,,,,,,,,,,,,attack,0.3289786072865356,0.1776431261091364,301.90017390841,4.3026354652390335,2.021905735989555
,,,,,,,,,,,,,,,,,,,,,,,,,,,,,,attack,0.2238569986423365,0.2150884750025808,306.0015663359131,3.245724149980642,1.9264989991857555
,,,,,,,,,,,,,,,,,,,,,,,,,,,,,,attack,0.2289906591452071,0.2626209611693736,330.67589863652086,3.935861653407008,2.481939558397455
,,,,,,,,,,,,,,,,,,,,,,,,,,,,,,attack,0.2359107695569746,0.1973699895570805,248.86037174007973,4.32876241030348,3.1052615007956756
,,,,,,,,,,,,,,,,,,,,,,,,,,,,,,attack,0.1827774744482861,0.1777920189322721,287.13117312883276,4.3213572154502735,1.7212541074960832
,,,,,,,,,,,,,,,,,,,,,,,,,,,,,,attack,0.2040674026757901,0.2752462827776236,216.57079630612057,4.421920754235285,1.315098510210461
,,,,,,,,,,,,,,,,,,,,,,,,,,,,,,attack,0.1997929616623966,0.1420794439833502,319.961156130264,5.613711269058647,1.9558589758243723
,,,,,,,,,,,,,,,,,,,,,,,,,,,,,,attack,0.2116101217447935,0.1120477617351967,332.35979698513705,4.453534301513979,3.289854668827159
,,,,,,,,,,,,,,,,,,,,,,,,,,,,,,attack,0.2482657556306609,0.2176005780021333,275.8406768850313,3.755843364709351,1.5981627160151346
,,,,,,,,,,,,,,,,,,,,,,,,,,,,,,attack,0.261710736626826,0.1799178310258955,378.6993381645016,4.964087168288358,2.8195584027220337
,,,,,,,,,,,,,,,,,,,,,,,,,,,,,,attack,0.3275250246407039,0.1591506873147714,238.71171684988295,5.18947048892464,2.8388504070382203
,,,,,,,,,,,,,,,,,,,,,,,,,,,,,,attack,0.2000822979630604,0.2283342578919741,226.781255989509,2.7723921848630075,1.7232058791460028
,,,,,,,,,,,,,,,,,,,,,,,,,,,,,,attack,0.2992161199238292,0.2097520285508479,311.2225909279986,4.597400069849858,2.2844915395926377
,,,,,,,,,,,,,,,,,,,,,,,,,,,,,,attack,0.2393005577887245,0.1774368547705308,352.3549151306077,4.701172742310899,2.814198311564269
,,,,,,,,,,,,,,,,,,,,,,,,,,,,,,attack,0.2475268145173783,0.1487878240531642,384.1963845728934,3.702436496640008,1.8104361295062563
,,,,,,,,,,,,,,,,,,,,,,,,,,,,,,attack,0.2837409746083302,0.2348982931312058,277.055786856553,5.37570681331162,1.898209819948819
,,,,,,,,,,,,,,,,,,,,,,,,,,,,,,attack,0.193863898921885,0.2260080471183464,353.9340416715648,3.849944412967474,1.709159543025678
,,,,,,,,,,,,,,,,,,,,,,,,,,,,,,attack,0.2691204873092025,0.1960329654488247,298.07457652496464,4.125576453471543,1.4926216346535666
,,,,,,,,,,,,,,,,,,,,,,,,,,,,,,attack,0.2583226104106528,0.2738654798419067,291.368635002959,3.82692817571613,1.6753612274669964
,,,,,,,,,,,,,,,,,,,,,,,,,,,,,,attack,0.2746225632004074,0.1571966093469539,344.18299687433364,4.015579047581467,1.3880298666188715
,,,,,,,,,,,,,,,,,,,,,,,,,,,,,,attack,0.2644584321953909,0.1389789931630104,332.616143920671,2.9037249131047984,2.017041734129613
,,,,,,,,,,,,,,,,,,,,,,,,,,,,,,attack,0.3727650069955447,0.1723236772047502,221.18039215078753,2.5599491174057056,1.615013384470679
,,,,,,,,,,,,,,,,,,,,,,,,,,,,,,attack,0.2181130007874342,0.1981765593457801,373.8270174862948,5.594505063224972,2.116892955895374
,,,,,,,,,,,,,,,,,,,,,,,,,,,,,,attack,0.2234501522499091,0.2097335779729076,369.0045677073726,3.153038651681672,1.2220521768981865
,,,,,,,,,,,,,,,,,,,,,,,,,,,,,,attack,0.2665440116107228,0.1531954789576256,315.4416506299482,3.899845923520047,2.2898165866067877
,,,,,,,,,,,,,,,,,,,,,,,,,,,,,,attack,0.2916764480804462,0.1279207824967992,385.1107472317619,3.796326249823034,2.162898158291083
,,,,,,,,,,,,,,,,,,,,,,,,,,,,,,attack,0.1503132178714272,0.2216585091281915,312.03765897442844,3.122017413243439,2.097192150788668
,,,,,,,,,,,,,,,,,,,,,,,,,,,,,,attack,0.2687028284923786,0.2303662064121059,430.08415570901974,3.17311964596014,1.823416853594656
,,,,,,,,,,,,,,,,,,,,,,,,,,,,,,attack,0.3113834496236646,0.1769395839709312,328.2754822815772,3.7735211080984734,2.1692419217308454
,,,,,,,,,,,,,,,,,,,,,,,,,,,,,,attack,0.1895179490654397,0.0963583083142036,211.96186204220913,4.367365506816178,1.8522992949304853
,,,,,,,,,,,,,,,,,,,,,,,,,,,,,,attack,0.3336286193418851,0.1781502220699007,337.6670810552266,4.913584626233249,2.084230488134807
,,,,,,,,,,,,,,,,,,,,,,,,,,,,,,attack,0.2709509504683022,0.2156721602161018,319.0579192441389,3.196821049319655,2.65879876780398
,,,,,,,,,,,,,,,,,,,,,,,,,,,,,,attack,0.2147494072120795,0.1408435372490348,364.4876377041373,5.4926885689595215,1.496728717360179
,,,,,,,,,,,,,,,,,,,,,,,,,,,,,,attack,0.2472115461171147,0.2073343967911662,333.6590675634979,3.728876398957431,2.5699392805645225
,,,,,,,,,,,,,,,,,,,,,,,,,,,,,,attack,0.2779163456260861,0.1993876060330802,293.0772008008113,3.978632705651564,2.6585575336699327
,,,,,,,,,,,,,,,,,,,,,,,,,,,,,,attack,0.2538002695706206,0.2231716599840435,238.78508818553172,3.2527883208521766,1.9409657365044608
,,,,,,,,,,,,,,,,,,,,,,,,,,,,,,attack,0.2769377996223184,0.2047832147365661,289.54883713569876,1.5757597397270584,0.9390725504957028
,,,,,,,,,,,,,,,,,,,,,,,,,,,,,,attack,0.2039663203460316,0.1610772423647378,257.473977289535,4.884045396361049,1.6960890064527838
,,,,,,,,,,,,,,,,,,,,,,,,,,,,,,attack,0.2584680412018039,0.2478628600665796,270.97382750976385,4.736843897092434,2.6484972732805545
,,,,,,,,,,,,,,,,,,,,,,,,,,,,,,attack,0.1793142751547509,0.1936588170789212,329.42892022103047,3.7186724428817866,1.988565968850559
,,,,,,,,,,,,,,,,,,,,,,,,,,,,,,attack,0.2444386969325649,0.1989078184196027,383.4952252175703,4.066990717224872,1.5003488838525447
,,,,,,,,,,,,,,,,,,,,,,,,,,,,,,attack,0.2048046179267605,0.1626692816370721,319.73357649114905,4.5159392177041,1.7476125393858912
,,,,,,,,,,,,,,,,,,,,,,,,,,,,,,attack,0.2132235028705116,0.1822687099523396,240.2058468982408,2.4374541431134573,2.4203100132522763
,,,,,,,,,,,,,,,,,,,,,,,,,,,,,,attack,0.3118046587605219,0.1646078914389239,322.23013341100705,3.4709473226537053,2.2733667841006895
,,,,,,,,,,,,,,,,,,,,,,,,,,,,,,attack,0.3045655060297134,0.1930821576030631,359.83157433228257,4.794264679621827,1.8805339504151528
,,,,,,,,,,,,,,,,,,,,,,,,,,,,,,attack,0.2804569060453588,0.2684683392056937,269.51085478403087,2.7457105768307506,1.816587794092656
,,,,,,,,,,,,,,,,,,,,,,,,,,,,,,attack,0.195384361766371,0.1451239542827457,293.2991416663541,4.293557932166629,1.804120925478089
,,,,,,,,,,,,,,,,,,,,,,,,,,,,,,attack,0.2341795775152599,0.1354575440849303,300.73440973645984,2.643418195376595,1.5387949077507488
,,,,,,,,,,,,,,,,,,,,,,,,,,,,,,attack,0.3106548849989591,0.2588468130997443,260.755084345888,4.466429982433526,2.807687844734721
,,,,,,,,,,,,,,,,,,,,,,,,,,,,,,attack,0.2570858456819952,0.1916270529139253,332.41402169219293,3.964358517702516,1.83883976539433
,,,,,,,,,,,,,,,,,,,,,,,,,,,,,,attack,0.3659664769990847,0.1732370904536033,293.95259256961094,2.3848681840944908,2.608579260412748
,,,,,,,,,,,,,,,,,,,,,,,,,,,,,,attack,0.2696658919697186,0.241596187495843,320.9766221953514,5.164739354457171,2.7606580259612254
,,,,,,,,,,,,,,,,,,,,,,,,,,,,,,attack,0.2596024558245016,0.1757753784105254,255.625391109895,3.2654084232019507,2.49915544907398
,,,,,,,,,,,,,,,,,,,,,,,,,,,,,,attack,0.2345441767898749,0.2730403885418774,278.1270849838295,3.189747562985619,1.7841898436409758
,,,,,,,,,,,,,,,,,,,,,,,,,,,,,,attack,0.2566770452391141,0.2271170348535707,336.11906789138857,4.2005691972309425,2.201865045168305
,,,,,,,,,,,,,,,,,,,,,,,,,,,,,,attack,0.2423765081809728,0.1804835436741719,281.3583423954116,5.148637349428715,1.9879021968045416
,,,,,,,,,,,,,,,,,,,,,,,,,,,,,,attack,0.2854054338344295,0.2862923285306201,386.34819256167026,2.984178181021603,1.548149069634936
,,,,,,,,,,,,,,,,,,,,,,,,,,,,,,attack,0.2978351158397292,0.1757714030798664,280.0181907192699,4.061679849847971,2.1621796408608014
,,,,,,,,,,,,,,,,,,,,,,,,,,,,,,attack,0.2107005269746025,0.2296838148803723,311.2342362875943,4.428816500330573,1.4104801044200987
,,,,,,,,,,,,,,,,,,,,,,,,,,,,,,attack,0.1834383523221111,0.2119717032162597,346.6295415936545,4.693105607263144,2.5938396942307818
,,,,,,,,,,,,,,,,,,,,,,,,,,,,,,attack,0.1581897313448351,0.2520696515759519,229.0817133533484,4.176441555277226,1.7676913513508037
,,,,,,,,,,,,,,,,,,,,,,,,,,,,,,attack,0.2753995663456272,0.2624604478690741,211.9595594009612,3.632972160916678,2.1005798279364196
,,,,,,,,,,,,,,,,,,,,,,,,,,,,,,attack,0.1948316696913063,0.2012801659626306,223.71718427149528,3.1724097793512804,2.141643935773071
,,,,,,,,,,,,,,,,,,,,,,,,,,,,,,attack,0.1423554703523758,0.1698632851861526,363.1292051713591,4.0861438830463745,1.8705475131479616
,,,,,,,,,,,,,,,,,,,,,,,,,,,,,,attack,0.2694289302265482,0.2183988857175646,272.40709270537764,2.927860988014393,2.2933469007376375
,,,,,,,,,,,,,,,,,,,,,,,,,,,,,,attack,0.3746499758716395,0.1728913852099157,427.9099642834126,1.0786495165053926,1.7625481716887377
,,,,,,,,,,,,,,,,,,,,,,,,,,,,,,attack,0.2496964544230053,0.2805354899010649,271.78762006713055,4.4365598041576675,2.435648648728622
,,,,,,,,,,,,,,,,,,,,,,,,,,,,,,attack,0.2919245387225821,0.2054614132433095,309.22756515985185,4.903934841086195,1.3270101598766255
,,,,,,,,,,,,,,,,,,,,,,,,,,,,,,attack,0.2540914679273782,0.1853871379475156,377.1054976283938,1.6370675644581616,2.063189789773206
,,,,,,,,,,,,,,,,,,,,,,,,,,,,,,attack,0.2450555173404428,0.2073872122345963,400.3046444079562,2.9902692952900622,2.9694644995291424
,,,,,,,,,,,,,,,,,,,,,,,,,,,,,,attack,0.2959538241493884,0.1461149484188121,403.0751788318199,4.619154261005198,1.4998343376972127
,,,,,,,,,,,,,,,,,,,,,,,,,,,,,,attack,0.2354862727905674,0.1611354384595739,360.4183115296571,6.057495469711698,1.6611275147375744
,,,,,,,,,,,,,,,,,,,,,,,,,,,,,,attack,0.2633696157035951,0.248016556317777,351.2031262905731,4.020793707675408,2.2569539248294577
,,,,,,,,,,,,,,,,,,,,,,,,,,,,,,attack,0.2660848903098007,0.1737242288411442,329.62634746005915,3.2719970587708653,2.089790890969799
,,,,,,,,,,,,,,,,,,,,,,,,,,,,,,attack,0.2165954773178475,0.1581235606927224,338.9180538083319,3.81710355889516,2.1753150496367795
,,,,,,,,,,,,,,,,,,,,,,,,,,,,,,attack,0.2996021174768261,0.2214661101010914,272.44071418357333,5.374876419148185,2.244593565073832
,,,,,,,,,,,,,,,,,,,,,,,,,,,,,,attack,0.2412520121652295,0.2474281661865199,259.09005582888466,3.3540358208754646,2.317360734280885
,,,,,,,,,,,,,,,,,,,,,,,,,,,,,,attack,0.2122127420253577,0.2287581324266026,299.8312771294524,3.200807993349746,2.5548499209781115
,,,,,,,,,,,,,,,,,,,,,,,,,,,,,,attack,0.2768254921785201,0.2398419074322326,291.49076887375355,3.5172564778179676,2.2049093284642565
,,,,,,,,,,,,,,,,,,,,,,,,,,,,,,attack,0.2050766009104481,0.1697281964572216,277.33859753363623,3.046671391741288,1.8793711726907287
,,,,,,,,,,,,,,,,,,,,,,,,,,,,,,attack,0.2514090578684564,0.1431275733303262,334.81937237283574,4.122670315994796,2.3362868506013656
,,,,,,,,,,,,,,,,,,,,,,,,,,,,,,attack,0.2495440501677898,0.2600533460782195,347.76526042852555,5.62467845846956,2.949940967447608
,,,,,,,,,,,,,,,,,,,,,,,,,,,,,,attack,0.3042947782915789,0.1870928064463145,304.42034431459234,4.323079273116029,1.9336831268087131
,,,,,,,,,,,,,,,,,,,,,,,,,,,,,,attack,0.2737349116439976,0.1899666793417981,373.8765040527631,3.747646497873713,1.5127353476646792
,,,,,,,,,,,,,,,,,,,,,,,,,,,,,,attack,0.2487486520627428,0.2531277656739623,242.91554429332476,3.708188731084456,2.553540334643486
,,,,,,,,,,,,,,,,,,,,,,,,,,,,,,attack,0.2908883149600143,0.2222492003760264,290.3170270360141,2.436809191303343,1.9398094180232008
,,,,,,,,,,,,,,,,,,,,,,,,,,,,,,attack,0.3195103774508657,0.2182355108832643,264.15888396985974,4.883109777147159,0.913665226992982
,,,,,,,,,,,,,,,,,,,,,,,,,,,,,,attack,0.2778905153175931,0.2866000937960433,206.673169146347,3.9221628029871978,2.423710838575211
,,,,,,,,,,,,,,,,,,,,,,,,,,,,,,attack,0.250517630992169,0.1742592707847942,295.86596570786503,3.8195200864093746,1.7323359070230386
,,,,,,,,,,,,,,,,,,,,,,,,,,,,,,attack,0.184408188382492,0.2371136051232495,293.9126245808358,7.19310756784486,1.9547333588479197
,,,,,,,,,,,,,,,,,,,,,,,,,,,,,,attack,0.1967443168462313,0.2022805249958834,375.67248716210656,4.298752908365686,2.1659901652845073
,,,,,,,,,,,,,,,,,,,,,,,,,,,,,,attack,0.2347387647822666,0.2107436911545303,331.54058422773886,3.2482089499048157,2.0952498398895334
,,,,,,,,,,,,,,,,,,,,,,,,,,,,,,attack,0.2195243898920358,0.2611387370565012,248.79065878353975,3.5736424037944565,2.35472590856952
,,,,,,,,,,,,,,,,,,,,,,,,,,,,,,attack,0.2406514348507277,0.2203134302515849,392.70462831670943,5.148445709196755,1.7822568147150784
,,,,,,,,,,,,,,,,,,,,,,,,,,,,,,attack,0.2528324962448554,0.2215318431619853,361.0516847762676,4.113270410537765,2.2565528990880415
,,,,,,,,,,,,,,,,,,,,,,,,,,,,,,attack,0.2764846377178365,0.2429002934923921,329.1048851734308,2.561722021682633,1.8702266612080416
,,,,,,,,,,,,,,,,,,,,,,,,,,,,,,attack,0.2464750610970454,0.1854018908182846,288.6757950575084,4.919228934575203,2.3694052404437516
,,,,,,,,,,,,,,,,,,,,,,,,,,,,,,attack,0.2743250821913101,0.1664316133064397,252.028038163826,3.331855914461006,2.307683742006527
,,,,,,,,,,,,,,,,,,,,,,,,,,,,,,attack,0.253223720740506,0.1582076322391586,281.3896611964474,5.873297776217545,1.5322806489777023
,,,,,,,,,,,,,,,,,,,,,,,,,,,,,,attack,0.1512266716823064,0.1213457364249599,354.4374309852093,5.0800480657146485,2.542991058087516
,,,,,,,,,,,,,,,,,,,,,,,,,,,,,,attack,0.2030332303090622,0.2822482851976129,394.2293152967304,3.5526781043412488,1.732018277442976
,,,,,,,,,,,,,,,,,,,,,,,,,,,,,,attack,0.2427956222139192,0.1558716653711326,377.1621764136095,5.281016361735113,2.4040288991405725
,,,,,,,,,,,,,,,,,,,,,,,,,,,,,,attack,0.1895152628579446,0.1911498550565691,275.5575289106863,4.067855510527403,2.1836436567006703
,,,,,,,,,,,,,,,,,,,,,,,,,,,,,,attack,0.2799964364998102,0.1889274680044431,244.01912833554945,4.8527736751222195,2.919091838397561
,,,,,,,,,,,,,,,,,,,,,,,,,,,,,,attack,0.3265375416171848,0.212296267912364,307.0443123455602,4.484732817294475,1.8882670088140736
,,,,,,,,,,,,,,,,,,,,,,,,,,,,,,attack,0.3109380925848658,0.2326294885015719,211.57803172185743,3.1536433450091264,1.8253416019409012
,,,,,,,,,,,,,,,,,,,,,,,,,,,,,,attack,0.2393278564534895,0.2344189395343898,316.1583857092391,3.356450167682538,1.9902901970561335
,,,,,,,,,,,,,,,,,,,,,,,,,,,,,,attack,0.3245363068424976,0.1766769024572424,292.6198706850666,5.029960817581161,1.8484101085828624
,,,,,,,,,,,,,,,,,,,,,,,,,,,,,,attack,0.2574333728601056,0.1933151314485435,276.6981749065879,3.665224667893459,2.399970950971025
,,,,,,,,,,,,,,,,,,,,,,,,,,,,,,attack,0.233145701444098,0.2113031980195319,220.26484663666025,3.5963515367580032,1.1918446957817062
,,,,,,,,,,,,,,,,,,,,,,,,,,,,,,attack,0.219329866822953,0.1900523549526581,325.68000532848583,3.0448774206506473,1.4731587904268229
,,,,,,,,,,,,,,,,,,,,,,,,,,,,,,attack,0.2348765156755936,0.2642938230407997,273.36495801690444,4.423599065593461,1.4660985392104036
,,,,,,,,,,,,,,,,,,,,,,,,,,,,,,attack,0.2305911590729385,0.21963899806553,241.5041582144856,6.062524919243145,2.475153795986788
,,,,,,,,,,,,,,,,,,,,,,,,,,,,,,attack,0.2585208111187744,0.2293951114419927,156.38688933591754,2.932467085745727,2.8553066862909624
,,,,,,,,,,,,,,,,,,,,,,,,,,,,,,attack,0.2580286990524932,0.2265152507466965,298.62425474746817,4.024219456672758,1.9477753907312645
,,,,,,,,,,,,,,,,,,,,,,,,,,,,,,attack,0.2501523010076707,0.246938954299413,388.6125798334872,5.412220555415429,1.9155891384049948
,,,,,,,,,,,,,,,,,,,,,,,,,,,,,,attack,0.2718469084873175,0.2072408623481482,383.0629607273935,3.920358608754285,2.0350260815565906
,,,,,,,,,,,,,,,,,,,,,,,,,,,,,,attack,0.309532313739317,0.1481267220817661,277.1451871706864,4.452371796249734,2.5809391513040953
,,,,,,,,,,,,,,,,,,,,,,,,,,,,,,attack,0.2974777067720662,0.2159875180701057,269.889396981911,2.9376064718531203,1.5363234329047128
,,,,,,,,,,,,,,,,,,,,,,,,,,,,,,attack,0.1757551015775048,0.1739457242483268,323.4387128037512,4.428307097207648,2.1191844913673927
,,,,,,,,,,,,,,,,,,,,,,,,,,,,,,attack,0.1223039432549022,0.1788553327300097,250.08072804058543,3.812855734995451,2.4875988148912147
,,,,,,,,,,,,,,,,,,,,,,,,,,,,,,attack,0.2967159955619637,0.2234545607502037,315.0895949909733,4.985729995679863,2.2505470849699227
,,,,,,,,,,,,,,,,,,,,,,,,,,,,,,attack,0.1816560650792289,0.2495313228573454,338.30401391923454,5.187386051564751,2.0947908082993716
,,,,,,,,,,,,,,,,,,,,,,,,,,,,,,attack,0.2387617299053658,0.2008508630694424,361.34666119421536,6.589563642018614,2.5005230462835706
,,,,,,,,,,,,,,,,,,,,,,,,,,,,,,attack,0.1148383853500381,0.1741509076062478,211.3483765896559,4.825098264667635,1.9120727977839644
,,,,,,,,,,,,,,,,,,,,,,,,,,,,,,attack,0.2838937659765453,0.2710124357043805,363.0960750356996,3.1328697842891,2.830735082864009
,,,,,,,,,,,,,,,,,,,,,,,,,,,,,,attack,0.2172962158436288,0.1522545267297408,254.71338495686905,3.3418835109247436,2.010443244147981
,,,,,,,,,,,,,,,,,,,,,,,,,,,,,,attack,0.1584683551571771,0.2367661669444,267.311683067559,3.6962739712233352,2.115350452859342
,,,,,,,,,,,,,,,,,,,,,,,,,,,,,,attack,0.275560129976249,0.2400232927217191,270.2169352978254,2.654129076526785,1.36991761741371
,,,,,,,,,,,,,,,,,,,,,,,,,,,,,,attack,0.3186829272581479,0.1731751916369342,368.7219046585409,3.180742140278502,1.6918192959802614
,,,,,,,,,,,,,,,,,,,,,,,,,,,,,,attack,0.2431275742686154,0.2556986120025731,193.2162893010652,3.523779126455341,1.8124018098380317
,,,,,,,,,,,,,,,,,,,,,,,,,,,,,,attack,0.2976437273601469,0.1899981394160419,456.8874266829997,4.874389180712727,1.841142451621883
,,,,,,,,,,,,,,,,,,,,,,,,,,,,,,attack,0.3306139128994322,0.2115477451711943,352.80284045330257,4.262561329001925,2.640821897501884
,,,,,,,,,,,,,,,,,,,,,,,,,,,,,,attack,0.3157457226792023,0.2104128735508488,311.16194570645797,4.193589911367544,2.2788455303625623
,,,,,,,,,,,,,,,,,,,,,,,,,,,,,,attack,0.3319982264685696,0.1946276503411781,297.25529996918567,4.850897962167972,1.444271021531484
,,,,,,,,,,,,,,,,,,,,,,,,,,,,,,attack,0.2871063745535946,0.2324323309263913,314.27770374288286,3.862628211600603,2.1232523892160025
,,,,,,,,,,,,,,,,,,,,,,,,,,,,,,attack,0.2537716819450796,0.2317395488220885,326.05612141896694,4.39046484992889,2.2491108742483927
,,,,,,,,,,,,,,,,,,,,,,,,,,,,,,attack,0.1699017094051415,0.1300587210704727,332.26077929750284,3.896778247067504,2.570074519260633
,,,,,,,,,,,,,,,,,,,,,,,,,,,,,,attack,0.2376968755935025,0.2521736097151261,327.78022330017245,4.265362349399629,2.790270343284187
,,,,,,,,,,,,,,,,,,,,,,,,,,,,,,attack,0.2078376702341904,0.133500320478573,304.4790340627624,3.417241342388418,1.4924529040860657
,,,,,,,,,,,,,,,,,,,,,,,,,,,,,,attack,0.3585471358748907,0.2413018481736663,290.1330789846337,1.561182841723571,1.5945712443948308
,,,,,,,,,,,,,,,,,,,,,,,,,,,,,,attack,0.2412057093783831,0.2450682054731033,292.4363358173244,3.865720837813696,1.371211070542692
,,,,,,,,,,,,,,,,,,,,,,,,,,,,,,attack,0.2561602403392243,0.156361342791392,290.25458598236594,5.4227481360999406,1.8829900704465092
,,,,,,,,,,,,,,,,,,,,,,,,,,,,,,attack,0.2775742688020234,0.1835674284818166,356.68850484335326,4.926215402241592,2.233179187223167
,,,,,,,,,,,,,,,,,,,,,,,,,,,,,,attack,0.2521801223186227,0.1557718132605625,329.6778361140431,4.965397484591171,2.493667258294551
,,,,,,,,,,,,,,,,,,,,,,,,,,,,,,attack,0.3347525520215376,0.1914031587884506,152.98056826678598,5.236130721806218,1.9620244881787383
,,,,,,,,,,,,,,,,,,,,,,,,,,,,,,attack,0.2188675319132774,0.1876786286325703,332.79503882648805,4.0886575909614375,1.840076238372578
,,,,,,,,,,,,,,,,,,,,,,,,,,,,,,attack,0.2597303727618621,0.2311864212907736,309.7368097359387,4.197315707405596,2.07587899612437
,,,,,,,,,,,,,,,,,,,,,,,,,,,,,,attack,0.2128764707150975,0.2524123498447843,299.0645621777051,3.38234810456565,1.5824285491849883
,,,,,,,,,,,,,,,,,,,,,,,,,,,,,,attack,0.1839988744389647,0.2558273524315982,280.5740773455557,3.68392714397295,3.0447693608473867
,,,,,,,,,,,,,,,,,,,,,,,,,,,,,,attack,0.2194115454547357,0.1775132789368679,356.2056359993007,4.615771149771142,1.1961694864409709
,,,,,,,,,,,,,,,,,,,,,,,,,,,,,,attack,0.2481481601475794,0.1916311250502189,347.3763231061429,5.203884437168816,2.0923702894478624
,,,,,,,,,,,,,,,,,,,,,,,,,,,,,,attack,0.228534888774137,0.132662472311162,261.35611660881955,3.8605537243190007,3.01180310961482
,,,,,,,,,,,,,,,,,,,,,,,,,,,,,,attack,0.2153789510063072,0.1677651973401524,320.35261435622675,3.5498107351485886,2.003399922279999
,,,,,,,,,,,,,,,,,,,,,,,,,,,,,,attack,0.1796841268164083,0.2385940653238983,251.4171632729357,4.000527958856598,1.904980482499253
,,,,,,,,,,,,,,,,,,,,,,,,,,,,,,attack,0.2458447213685652,0.2646233129419293,231.0190917605535,4.601206748929115,1.8212772885947863
,,,,,,,,,,,,,,,,,,,,,,,,,,,,,,attack,0.1747639812984499,0.1506260451248031,268.6641387705017,2.556145183866458,1.909804159118796
,,,,,,,,,,,,,,,,,,,,,,,,,,,,,,attack,0.2880027981844801,0.1763014296338842,343.1196736191379,1.703819046862762,2.686424237338265
,,,,,,,,,,,,,,,,,,,,,,,,,,,,,,attack,0.2541219876467251,0.1989437697216429,347.65625226880434,3.449463150508417,0.8940690443352466
,,,,,,,,,,,,,,,,,,,,,,,,,,,,,,attack,0.1771224250267534,0.2112064463527843,325.65427100486465,2.779287574085841,2.7667168506481628
,,,,,,,,,,,,,,,,,,,,,,,,,,,,,,attack,0.2345395461475068,0.1676158592031341,336.2547893423999,3.491859802352689,1.2880214237749277
,,,,,,,,,,,,,,,,,,,,,,,,,,,,,,attack,0.2123921797204708,0.2169624417785636,325.8089143557479,3.852219681182528,1.8666738353827923
,,,,,,,,,,,,,,,,,,,,,,,,,,,,,,attack,0.265958725520959,0.1810464261171633,267.92592023885237,3.5467515909769864,1.785377789850669
,,,,,,,,,,,,,,,,,,,,,,,,,,,,,,attack,0.3170225223011572,0.1994219091648688,321.596127233697,5.452467534470745,2.29427663488536
,,,,,,,,,,,,,,,,,,,,,,,,,,,,,,attack,0.1562413765177127,0.221851369920148,340.0204762613841,4.32674476460232,1.2009378240581263
,,,,,,,,,,,,,,,,,,,,,,,,,,,,,,attack,0.2557513039573708,0.2002568907924375,337.7145664906787,4.300474359610829,2.2310863330409716
,,,,,,,,,,,,,,,,,,,,,,,,,,,,,,attack,0.2419933602216679,0.1825445643789372,359.4456685737322,4.622207144043402,3.012154811643426
,,,,,,,,,,,,,,,,,,,,,,,,,,,,,,attack,0.2835670038225233,0.1956156078429667,335.4151923600532,2.861166882219231,1.3184129977035948
,,,,,,,,,,,,,,,,,,,,,,,,,,,,,,attack,0.2606598314118845,0.1964654816317866,317.57241037707917,5.039111787420269,2.094853083805198
,,,,,,,,,,,,,,,,,,,,,,,,,,,,,,attack,0.212401533413059,0.1851995588047149,353.5075119158214,3.92423571346454,1.6690089111016957
,,,,,,,,,,,,,,,,,,,,,,,,,,,,,,attack,0.234047303216669,0.1896481574933159,298.673937037547,4.670480617241212,2.2129436030965177
,,,,,,,,,,,,,,,,,,,,,,,,,,,,,,attack,0.2101987071598255,0.2639458868201887,255.90626743861412,2.9281427669598443,2.009573888707876
,,,,,,,,,,,,,,,,,,,,,,,,,,,,,,attack,0.3038003569299299,0.2224367779176495,291.84665180281183,2.446241233983936,1.6792565454778452
,,,,,,,,,,,,,,,,,,,,,,,,,,,,,,attack,0.2510655824335971,0.1881807872788335,262.75486775967755,4.817889658025028,2.243936142435537
,,,,,,,,,,,,,,,,,,,,,,,,,,,,,,attack,0.3450595342876503,0.2278781761804294,266.24108625128093,4.376409526097516,2.9021740548933717
,,,,,,,,,,,,,,,,,,,,,,,,,,,,,,attack,0.2469669593092689,0.1866472204097596,292.7740664642241,3.0979484456424897,1.9045481041363503
,,,,,,,,,,,,,,,,,,,,,,,,,,,,,,attack,0.2145796616544768,0.2469249855034656,260.37900395000196,3.1303369187253054,2.359878971074091
,,,,,,,,,,,,,,,,,,,,,,,,,,,,,,attack,0.1743142803693586,0.2147856876879237,284.601923518048,5.12543478441477,1.3533635210644182
,,,,,,,,,,,,,,,,,,,,,,,,,,,,,,attack,0.1598430161872027,0.1957079142398308,205.31926665231072,2.810588107132672,1.5217818115909956
,,,,,,,,,,,,,,,,,,,,,,,,,,,,,,attack,0.1707932028497255,0.2179086770324111,310.66468536864693,5.642672953255963,2.236203138940189
,,,,,,,,,,,,,,,,,,,,,,,,,,,,,,attack,0.2633563325505741,0.13716495391726,300.0602737681112,3.0993792653521313,2.7420580142679825
,,,,,,,,,,,,,,,,,,,,,,,,,,,,,,attack,0.2754362511614966,0.1549293012436078,259.14556844659046,4.638391925608383,2.17780667439283
,,,,,,,,,,,,,,,,,,,,,,,,,,,,,,attack,0.1709404648983933,0.1522429997440378,332.96228342162027,3.6713815242510153,1.8434709847384227
,,,,,,,,,,,,,,,,,,,,,,,,,,,,,,attack,0.2947519157038057,0.2057177237905482,346.8785068813279,4.603187431082343,1.999645702711677
,,,,,,,,,,,,,,,,,,,,,,,,,,,,,,attack,0.225846947415828,0.2693005999794037,219.6220067815513,3.455885997885807,1.3747961330151413
,,,,,,,,,,,,,,,,,,,,,,,,,,,,,,attack,0.2573396505992775,0.2892520058477053,261.8637610716893,3.837207093927706,2.302257663177683
,,,,,,,,,,,,,,,,,,,,,,,,,,,,,,attack,0.3306110314127712,0.2255220440576303,261.5428825106351,4.040919175395721,2.441166531161705
,,,,,,,,,,,,,,,,,,,,,,,,,,,,,,attack,0.2948419657932766,0.2200337789977783,253.00484494455677,2.9978125442185273,1.7739548335834598
,,,,,,,,,,,,,,,,,,,,,,,,,,,,,,attack,0.2365734676047083,0.1279576906338904,341.47374209658744,4.740824345420126,1.764978926120249
,,,,,,,,,,,,,,,,,,,,,,,,,,,,,,attack,0.2054403887292356,0.1782930480106391,290.3086930613598,3.486786433528415,2.132939114826024
,,,,,,,,,,,,,,,,,,,,,,,,,,,,,,attack,0.1424092299335347,0.1684886499236704,286.77425793446946,3.7714000846599816,1.7816401319797022
,,,,,,,,,,,,,,,,,,,,,,,,,,,,,,attack,0.2140423340378789,0.1751660960699553,199.80688177966232,3.0056506253914876,1.9669336926870888
,,,,,,,,,,,,,,,,,,,,,,,,,,,,,,attack,0.2394434880586153,0.1932742472566084,331.77090151046133,1.4376663412046895,3.049860894583258
,,,,,,,,,,,,,,,,,,,,,,,,,,,,,,attack,0.2006410236424408,0.1811163768921149,238.0370802573264,3.808972237399831,1.8764871496270017
,,,,,,,,,,,,,,,,,,,,,,,,,,,,,,attack,0.2434371516453847,0.1208280075849685,302.9966315133164,6.412615421612916,1.8208299239893888
,,,,,,,,,,,,,,,,,,,,,,,,,,,,,,attack,0.2538425941479384,0.2299164102447013,313.8688468979096,4.7846042878980235,1.6762290971824203
,,,,,,,,,,,,,,,,,,,,,,,,,,,,,,attack,0.238757200909596,0.1570902789704077,368.0329297919326,3.980739620265606,2.3720959857499686
,,,,,,,,,,,,,,,,,,,,,,,,,,,,,,attack,0.217499870958827,0.2095698745644459,234.5589800440444,3.737109170791732,1.9093879133909488
,,,,,,,,,,,,,,,,,,,,,,,,,,,,,,attack,0.2584327335983364,0.2829633067899989,149.02439220895874,4.022465892812046,1.675313480839287
,,,,,,,,,,,,,,,,,,,,,,,,,,,,,,attack,0.2720970324784704,0.163224616336543,309.1924772376847,4.54711911517521,2.660652016136506
,,,,,,,,,,,,,,,,,,,,,,,,,,,,,,attack,0.1954800461278577,0.0987884990901468,390.0255590755427,2.819187184691155,2.7098015022568185
,,,,,,,,,,,,,,,,,,,,,,,,,,,,,,attack,0.3205466189873135,0.1885598311247955,361.9473176469719,5.114321694668872,1.6997882171306475
,,,,,,,,,,,,,,,,,,,,,,,,,,,,,,attack,0.2450705933857869,0.2440383853999428,310.4829707637313,4.715381315441244,1.0667300243196918
,,,,,,,,,,,,,,,,,,,,,,,,,,,,,,attack,0.2509424811472424,0.2783338981688237,275.4181907183976,4.718185725707935,2.503756844918461
,,,,,,,,,,,,,,,,,,,,,,,,,,,,,,attack,0.2854107211628278,0.1508180162219033,340.35612983186553,4.438475738809728,1.657685087119998
,,,,,,,,,,,,,,,,,,,,,,,,,,,,,,attack,0.2616608065631751,0.2198679689294608,251.32269001477655,4.01961665769399,2.3953127995813843
,,,,,,,,,,,,,,,,,,,,,,,,,,,,,,attack,0.2976568316956622,0.1813875817287978,323.817888467811,4.67286123596682,1.0149480911440822
,,,,,,,,,,,,,,,,,,,,,,,,,,,,,,attack,0.2643562082600912,0.1957620658278346,325.2735079583313,4.591814133741378,2.4462986691496544
,,,,,,,,,,,,,,,,,,,,,,,,,,,,,,attack,0.2193781312679781,0.3057737338806814,353.01049537494396,3.645959289058976,1.3944140353596093
,,,,,,,,,,,,,,,,,,,,,,,,,,,,,,attack,0.2680751762603051,0.1398811868641938,437.9830019455539,3.426398227103099,2.365382059533262
,,,,,,,,,,,,,,,,,,,,,,,,,,,,,,attack,0.1928136896339669,0.2101495864597829,319.6207983589384,4.101856295261987,2.0071365339182172
,,,,,,,,,,,,,,,,,,,,,,,,,,,,,,attack,0.2554279852888261,0.2187077268706173,274.5518187146251,5.549020151495188,1.5230302903016777
,,,,,,,,,,,,,,,,,,,,,,,,,,,,,,attack,0.2483385004677769,0.2434314529975739,298.7212843904003,2.7608929243460993,1.7964818435366097
,,,,,,,,,,,,,,,,,,,,,,,,,,,,,,attack,0.239594157136373,0.2039193261388358,211.54620475554407,2.53247473424756,2.3431592284783505
,,,,,,,,,,,,,,,,,,,,,,,,,,,,,,attack,0.2435731244280534,0.2123220215801641,265.26434344554707,4.164760841236517,2.052947226557617
,,,,,,,,,,,,,,,,,,,,,,,,,,,,,,attack,0.155907547725118,0.1843340573031283,279.5358780943448,4.050887701856018,2.292206490236242
,,,,,,,,,,,,,,,,,,,,,,,,,,,,,,attack,0.2225637546129519,0.2107650776498043,273.79558010327037,4.173341664370408,2.9882202922577425
,,,,,,,,,,,,,,,,,,,,,,,,,,,,,,attack,0.2546422450570557,0.1862723089801035,307.6177436016861,4.243953197908501,1.2178791941444742
,,,,,,,,,,,,,,,,,,,,,,,,,,,,,,attack,0.25799281959987,0.224862875594242,258.87900338088997,3.776797745365195,2.808606287484312
,,,,,,,,,,,,,,,,,,,,,,,,,,,,,,attack,0.1986162429537021,0.1852155865582546,356.05153336622357,5.489863438602082,2.0521779687616064
,,,,,,,,,,,,,,,,,,,,,,,,,,,,,,attack,0.313285392043235,0.2150840157560874,300.01035324590987,2.3990960215234844,1.550607975838436
,,,,,,,,,,,,,,,,,,,,,,,,,,,,,,attack,0.2066912575892749,0.1988294874526008,299.5349839430693,3.171502975219754,1.334843187130505
,,,,,,,,,,,,,,,,,,,,,,,,,,,,,,attack,0.2984728600263368,0.2450420100308867,283.6052641743541,3.896745239850953,1.905439804611483
,,,,,,,,,,,,,,,,,,,,,,,,,,,,,,attack,0.2713597180935842,0.1979442510564605,307.75953419294893,2.3568111888458327,2.46082505596223
